-- phpMyAdmin SQL Dump
-- version 5.2.1
-- https://www.phpmyadmin.net/
--
-- Host: localhost:3306
-- Generation Time: Apr 08, 2025 at 02:00 PM
-- Server version: 8.0.30
-- PHP Version: 8.2.27

SET SQL_MODE = "NO_AUTO_VALUE_ON_ZERO";
START TRANSACTION;
SET time_zone = "+00:00";


/*!40101 SET @OLD_CHARACTER_SET_CLIENT=@@CHARACTER_SET_CLIENT */;
/*!40101 SET @OLD_CHARACTER_SET_RESULTS=@@CHARACTER_SET_RESULTS */;
/*!40101 SET @OLD_COLLATION_CONNECTION=@@COLLATION_CONNECTION */;
/*!40101 SET NAMES utf8mb4 */;

--
-- Database: `mamitasv3`
--

-- --------------------------------------------------------

--
-- Table structure for table `admins`
--

CREATE TABLE `admins` (
  `id` bigint UNSIGNED NOT NULL,
  `name` varchar(255) CHARACTER SET utf8mb4 COLLATE utf8mb4_unicode_ci NOT NULL,
  `password` varchar(255) CHARACTER SET utf8mb4 COLLATE utf8mb4_unicode_ci NOT NULL,
  `role` varchar(255) CHARACTER SET utf8mb4 COLLATE utf8mb4_unicode_ci NOT NULL,
  `email` varchar(256) CHARACTER SET utf8mb4 COLLATE utf8mb4_unicode_ci DEFAULT NULL,
  `created_at` timestamp NULL DEFAULT NULL,
  `updated_at` timestamp NULL DEFAULT NULL
) ENGINE=InnoDB DEFAULT CHARSET=utf8mb4 COLLATE=utf8mb4_unicode_ci;

--
-- Dumping data for table `admins`
--

INSERT INTO `admins` (`id`, `name`, `password`, `role`, `email`, `created_at`, `updated_at`) VALUES
(1, 'Admin', '$2y$12$tXy3EAWD8nScvif/xsuJT.4CfIdpThyxR9s/cCcXCsUL2pyaexOsK', 'Admin', 'fredericksocorin@gmail.com', '2024-06-10 14:59:58', '2025-03-30 04:21:43');

-- --------------------------------------------------------

--
-- Table structure for table `batch_orders`
--

CREATE TABLE `batch_orders` (
  `id` bigint UNSIGNED NOT NULL,
  `created_at` timestamp NULL DEFAULT NULL,
  `updated_at` timestamp NULL DEFAULT NULL
) ENGINE=InnoDB DEFAULT CHARSET=utf8mb4 COLLATE=utf8mb4_unicode_ci;

-- --------------------------------------------------------

--
-- Table structure for table `cache`
--

CREATE TABLE `cache` (
  `key` varchar(255) CHARACTER SET utf8mb4 COLLATE utf8mb4_unicode_ci NOT NULL,
  `value` mediumtext CHARACTER SET utf8mb4 COLLATE utf8mb4_unicode_ci NOT NULL,
  `expiration` int NOT NULL
) ENGINE=InnoDB DEFAULT CHARSET=utf8mb4 COLLATE=utf8mb4_unicode_ci;

-- --------------------------------------------------------

--
-- Table structure for table `cache_locks`
--

CREATE TABLE `cache_locks` (
  `key` varchar(255) CHARACTER SET utf8mb4 COLLATE utf8mb4_unicode_ci NOT NULL,
  `owner` varchar(255) CHARACTER SET utf8mb4 COLLATE utf8mb4_unicode_ci NOT NULL,
  `expiration` int NOT NULL
) ENGINE=InnoDB DEFAULT CHARSET=utf8mb4 COLLATE=utf8mb4_unicode_ci;

-- --------------------------------------------------------

--
-- Table structure for table `cms`
--

CREATE TABLE `cms` (
  `id` bigint UNSIGNED NOT NULL,
  `company_name` varchar(255) CHARACTER SET utf8mb4 COLLATE utf8mb4_unicode_ci NOT NULL,
  `company_logo` varchar(255) CHARACTER SET utf8mb4 COLLATE utf8mb4_unicode_ci DEFAULT NULL,
  `company_description` text CHARACTER SET utf8mb4 COLLATE utf8mb4_unicode_ci,
  `created_at` timestamp NULL DEFAULT NULL,
  `updated_at` timestamp NULL DEFAULT NULL
) ENGINE=InnoDB DEFAULT CHARSET=utf8mb4 COLLATE=utf8mb4_unicode_ci;

--
-- Dumping data for table `cms`
--

INSERT INTO `cms` (`id`, `company_name`, `company_logo`, `company_description`, `created_at`, `updated_at`) VALUES
(1, 'Mamitas', 'images/cms/1737455694.jpg', 'test test', '2025-01-21 10:01:52', '2025-01-21 10:34:54');

-- --------------------------------------------------------

--
-- Table structure for table `customers`
--

CREATE TABLE `customers` (
  `id` bigint UNSIGNED NOT NULL,
  `ticket` varchar(255) CHARACTER SET utf8mb4 COLLATE utf8mb4_unicode_ci NOT NULL,
  `name` varchar(255) CHARACTER SET utf8mb4 COLLATE utf8mb4_unicode_ci NOT NULL,
  `created_at` timestamp NULL DEFAULT NULL,
  `updated_at` timestamp NULL DEFAULT NULL
) ENGINE=InnoDB DEFAULT CHARSET=utf8mb4 COLLATE=utf8mb4_unicode_ci;

--
-- Dumping data for table `customers`
--

INSERT INTO `customers` (`id`, `ticket`, `name`, `created_at`, `updated_at`) VALUES
(1, '1001', 'Jeric James', NULL, NULL),
(10, '1002', 'Dale', '2024-04-22 22:32:24', '2024-04-22 22:32:24'),
(11, '1003', 'Roy', '2024-04-22 23:26:09', '2024-04-22 23:26:09'),
(45, '1004', 'Mira', '2024-04-23 00:04:29', '2024-04-23 00:04:29'),
(46, '1005', 'Dale', '2024-04-23 00:06:24', '2024-04-23 00:06:24'),
(47, '1006', 'Gem', '2024-04-23 00:07:04', '2024-04-23 00:07:04'),
(48, '1007', 'jerald', '2024-04-23 00:09:09', '2024-04-23 00:09:09'),
(49, '1008', 'Krystle', '2024-04-23 00:10:58', '2024-04-23 00:10:58'),
(80, '1009', 'Olive', '2024-04-23 21:22:02', '2024-04-23 21:22:02'),
(81, '1010', 'Jerry', '2024-04-23 21:32:03', '2024-04-23 21:32:03'),
(82, '1011', 'Customer', '2024-04-23 22:43:01', '2024-04-23 22:43:01'),
(83, '1011', 'Customer', '2024-04-23 22:43:20', '2024-04-23 22:43:20'),
(84, '1012', 'Customer', '2024-04-28 07:57:32', '2024-04-28 07:57:32'),
(85, '1012', 'Customer', '2024-04-28 08:00:32', '2024-04-28 08:00:32'),
(86, '1013', 'Jeric Viernes', '2024-04-28 08:17:25', '2024-04-28 08:17:25'),
(87, '1014', 'Jeric Viernes', '2024-04-28 08:20:31', '2024-04-28 08:20:31'),
(88, '1015', 'Customer', '2024-04-28 08:20:51', '2024-04-28 08:20:51'),
(89, '1016', 'Andy', '2024-05-08 02:20:13', '2024-05-08 02:20:13'),
(90, '1017', 'Vicky', '2024-05-08 04:24:50', '2024-05-08 04:24:50'),
(91, '1018', 'Lorraine', '2024-05-08 04:26:03', '2024-05-08 04:26:03'),
(92, '1019', 'Lorraine', '2024-05-08 05:18:26', '2024-05-08 05:18:26'),
(93, '1020', 'Olive', '2024-05-09 13:04:14', '2024-05-09 13:04:14'),
(94, '1021', 'Pia', '2024-05-13 04:38:19', '2024-05-13 04:38:19'),
(95, '1021', 'Pia', '2024-05-13 04:40:57', '2024-05-13 04:40:57'),
(96, '1021', 'Pia', '2024-05-13 04:41:26', '2024-05-13 04:41:26'),
(97, '1021', 'Pia', '2024-05-13 04:42:36', '2024-05-13 04:42:36'),
(98, '1022', 'Pia', '2024-05-13 04:43:05', '2024-05-13 04:43:05'),
(99, '1021', 'Pia', '2024-05-13 04:50:22', '2024-05-13 04:50:22'),
(100, '1023', 'Lorraine', '2024-05-13 04:53:30', '2024-05-13 04:53:30'),
(101, '1024', 'Mira', '2024-05-13 04:56:42', '2024-05-13 04:56:42'),
(102, '1025', 'Customer', '2024-05-13 05:00:33', '2024-05-13 05:00:33'),
(103, '1026', 'Customer', '2024-05-13 05:25:55', '2024-05-13 05:25:55'),
(104, '1027', 'Dale', '2024-05-13 06:39:16', '2024-05-13 06:39:16'),
(105, '1028', 'Nick', '2024-05-15 14:35:01', '2024-05-15 14:35:01'),
(106, '1029', 'Nick', '2024-05-15 14:40:23', '2024-05-15 14:40:23'),
(107, '1029', 'Nick', '2024-05-15 14:41:59', '2024-05-15 14:41:59'),
(108, '1030', 'Nick', '2024-05-15 14:42:55', '2024-05-15 14:42:55'),
(109, '1031', 'Mike', '2024-05-15 14:43:26', '2024-05-15 14:43:26'),
(110, '1032', 'Luke', '2024-05-15 14:43:39', '2024-05-15 14:43:39'),
(111, '1033', 'Karina', '2024-05-15 14:43:54', '2024-05-15 14:43:54'),
(112, '1034', 'Customer', '2024-05-16 00:35:50', '2024-05-16 00:35:50'),
(113, '1035', 'Olive', '2024-05-16 01:26:44', '2024-05-16 01:26:44'),
(114, '1035', 'Olive', '2024-05-16 01:27:03', '2024-05-16 01:27:03'),
(115, '1036', 'Vicky', '2024-05-16 01:40:30', '2024-05-16 01:40:30'),
(116, '1037', 'Jeric', '2024-05-16 05:06:41', '2024-05-16 05:06:41'),
(117, '1038', 'Billy', '2024-05-16 12:16:53', '2024-05-16 12:16:53'),
(118, '1039', 'Alliah', '2024-05-16 12:24:09', '2024-05-16 12:24:09'),
(119, '1040', 'Mark', '2024-05-17 06:01:23', '2024-05-17 06:01:23'),
(120, '1041', 'Dale', '2024-05-17 06:07:52', '2024-05-17 06:07:52'),
(121, '1042', 'Mira', '2024-05-17 06:21:20', '2024-05-17 06:21:20'),
(122, '1043', 'Enid', '2024-05-17 07:27:09', '2024-05-17 07:27:09'),
(123, '1044', 'Lorraine', '2024-05-17 07:32:09', '2024-05-17 07:32:09'),
(124, '1045', 'Lorraine', '2024-05-17 09:15:35', '2024-05-17 09:15:35'),
(125, '1046', 'Vicky', '2024-05-17 09:22:46', '2024-05-17 09:22:46'),
(126, '1047', 'Job', '2024-05-18 04:51:03', '2024-05-18 04:51:03'),
(127, '1048', 'Nick', '2024-05-20 04:03:43', '2024-05-20 04:03:43'),
(128, '1049', 'Lorraine', '2024-05-20 04:22:54', '2024-05-20 04:22:54'),
(129, '1050', 'Pia', '2024-05-20 04:25:51', '2024-05-20 04:25:51'),
(130, '1051', 'Mira', '2024-05-20 04:29:19', '2024-05-20 04:29:19'),
(131, '1052', 'Vicky', '2024-05-20 04:30:28', '2024-05-20 04:30:28'),
(132, '1053', 'Mira', '2024-05-20 04:38:49', '2024-05-20 04:38:49'),
(133, '1054', 'Nick', '2024-05-20 04:46:00', '2024-05-20 04:46:00'),
(134, '1054', 'Nick', '2024-05-20 04:47:44', '2024-05-20 04:47:44'),
(135, '1055', 'Mira', '2024-05-20 05:11:41', '2024-05-20 05:11:41'),
(136, '1056', 'Roy', '2024-05-20 08:20:44', '2024-05-20 08:20:44'),
(137, '1057', 'Mira', '2024-05-21 05:14:35', '2024-05-21 05:14:35'),
(138, '1058', 'Customer', '2024-05-21 05:31:13', '2024-05-21 05:31:13'),
(139, '1059', 'Roy', '2024-05-21 05:32:07', '2024-05-21 05:32:07'),
(140, '1060', 'Customer', '2024-05-21 05:32:48', '2024-05-21 05:32:48'),
(141, '1061', 'Customer', '2024-05-21 05:35:58', '2024-05-21 05:35:58'),
(142, '1062', 'Customer', '2024-05-21 05:44:48', '2024-05-21 05:44:48'),
(143, '1063', 'Customer', '2024-05-21 05:45:47', '2024-05-21 05:45:47'),
(144, '1064', 'Olive', '2024-05-21 05:51:51', '2024-05-21 05:51:51'),
(145, '1065', 'Pia', '2024-05-21 05:52:04', '2024-05-21 05:52:04'),
(146, '1066', 'Vince', '2024-05-21 06:14:44', '2024-05-21 06:14:44'),
(147, '1067', 'Olive', '2024-05-21 06:15:13', '2024-05-21 06:15:13'),
(148, '1068', 'Olive', '2024-05-22 04:57:05', '2024-05-22 04:57:05'),
(149, '1069', 'Jeric', '2024-05-24 11:05:55', '2024-05-24 11:05:55'),
(150, '1070', 'Lorraine', '2024-05-24 15:08:00', '2024-05-24 15:08:00'),
(151, '1071', 'Vicky', '2024-05-24 15:08:31', '2024-05-24 15:08:31'),
(152, '1072', 'Patrick', '2024-05-25 02:29:28', '2024-05-25 02:29:28'),
(153, '1073', 'Olive', '2024-05-25 02:32:44', '2024-05-25 02:32:44'),
(154, '1074', 'Customer', '2024-05-26 12:33:21', '2024-05-26 12:33:21'),
(155, '1075', 'Olive', '2024-05-27 03:56:47', '2024-05-27 03:56:47'),
(156, '1076', 'Gem', '2024-05-29 10:30:57', '2024-05-29 10:30:57'),
(157, '1077', 'Customer', '2024-06-02 01:57:03', '2024-06-02 01:57:03'),
(158, '1078', 'Customer', '2024-06-02 01:58:50', '2024-06-02 01:58:50'),
(159, '1079', 'Customer', '2024-06-02 02:36:31', '2024-06-02 02:36:31'),
(160, '1080', 'Jana', '2024-06-03 04:13:14', '2024-06-03 04:13:14'),
(161, '1081', 'Lorraine', '2024-06-03 04:30:51', '2024-06-03 04:30:51'),
(162, '1082', 'Customer', '2024-06-03 05:23:29', '2024-06-03 05:23:29'),
(163, '1083', 'Customer', '2024-06-03 08:22:30', '2024-06-03 08:22:30'),
(164, '1084', 'Customer', '2024-06-03 14:49:43', '2024-06-03 14:49:43'),
(165, '1084', 'Customer', '2024-06-03 15:02:33', '2024-06-03 15:02:33'),
(166, '1084', 'Customer', '2024-06-03 15:03:25', '2024-06-03 15:03:25'),
(167, '1084', 'Customer', '2024-06-03 15:05:14', '2024-06-03 15:05:14'),
(168, '1084', 'Customer', '2024-06-03 15:05:47', '2024-06-03 15:05:47'),
(169, '1084', 'Customer', '2024-06-03 15:06:16', '2024-06-03 15:06:16'),
(170, '1084', 'Customer', '2024-06-03 15:07:29', '2024-06-03 15:07:29'),
(171, '1085', 'Customer', '2024-06-08 06:42:46', '2024-06-08 06:42:46'),
(172, '1086', 'Customer', '2024-06-10 09:36:37', '2024-06-10 09:36:37'),
(173, '1087', 'Customer', '2024-06-10 09:37:39', '2024-06-10 09:37:39'),
(174, '1088', 'Customer', '2024-06-10 15:44:33', '2024-06-10 15:44:33'),
(175, '1089', 'Customer', '2024-06-10 15:48:10', '2024-06-10 15:48:10'),
(176, '1089', 'Customer', '2024-06-10 15:48:56', '2024-06-10 15:48:56'),
(177, '1089', 'Customer', '2024-06-10 15:51:46', '2024-06-10 15:51:46'),
(178, '1090', 'Customer', '2024-06-10 15:53:31', '2024-06-10 15:53:31'),
(179, '1090', 'Customer', '2024-06-10 15:53:48', '2024-06-10 15:53:48'),
(180, '1090', 'Customer', '2024-06-10 15:54:08', '2024-06-10 15:54:08'),
(181, '1091', 'Customer', '2024-06-10 15:54:25', '2024-06-10 15:54:25'),
(182, '1092', 'Customer', '2024-06-10 15:55:40', '2024-06-10 15:55:40'),
(183, '1093', 'Customer', '2024-06-10 15:58:16', '2024-06-10 15:58:16'),
(184, '1094', 'Customer', '2024-06-10 15:58:47', '2024-06-10 15:58:47'),
(185, '1095', 'Customer', '2024-06-10 15:59:32', '2024-06-10 15:59:32'),
(186, '1096', 'Customer', '2024-06-10 16:02:53', '2024-06-10 16:02:53'),
(187, '1096', 'Customer', '2024-06-10 16:05:16', '2024-06-10 16:05:16'),
(188, '1096', 'Customer', '2024-06-10 16:06:31', '2024-06-10 16:06:31'),
(189, '1096', 'Customer', '2024-06-10 16:08:38', '2024-06-10 16:08:38'),
(190, '1096', 'Customer', '2024-06-10 16:09:36', '2024-06-10 16:09:36'),
(191, '1096', 'Customer', '2024-06-10 16:10:02', '2024-06-10 16:10:02'),
(192, '1097', 'Customer', '2024-06-10 16:10:41', '2024-06-10 16:10:41'),
(193, '1098', 'Customer', '2024-06-10 16:12:44', '2024-06-10 16:12:44'),
(194, '1099', 'Customer', '2024-06-10 16:13:45', '2024-06-10 16:13:45'),
(195, '1099', 'Customer', '2024-06-10 16:14:26', '2024-06-10 16:14:26'),
(196, '1100', 'Customer', '2024-06-10 16:14:44', '2024-06-10 16:14:44'),
(197, '1101', 'Lorraine', '2024-06-10 17:24:33', '2024-06-10 17:24:33'),
(198, '1102', 'Pia', '2024-06-10 17:45:58', '2024-06-10 17:45:58'),
(199, '1103', 'Customer', '2024-06-10 17:46:55', '2024-06-10 17:46:55'),
(200, '1103', 'Customer', '2024-06-10 17:47:06', '2024-06-10 17:47:06'),
(201, '1103', 'Customer', '2024-06-10 17:47:28', '2024-06-10 17:47:28'),
(202, '1103', 'Customer', '2024-06-10 17:47:51', '2024-06-10 17:47:51'),
(203, '1103', 'Customer', '2024-06-10 17:48:24', '2024-06-10 17:48:24'),
(204, '1103', 'Customer', '2024-06-10 17:49:00', '2024-06-10 17:49:00'),
(205, '1103', 'Customer', '2024-06-10 17:49:07', '2024-06-10 17:49:07'),
(206, '1104', 'Ton', '2024-06-11 05:41:35', '2024-06-11 05:41:35'),
(207, '1105', 'Alliah', '2024-06-11 06:04:18', '2024-06-11 06:04:18'),
(208, '1106', 'Olive4801010105107', '2024-06-11 06:06:31', '2024-06-11 06:06:31'),
(209, '1107', 'Mira', '2024-06-11 06:07:17', '2024-06-11 06:07:17'),
(210, '1108', 'Customer', '2025-01-17 06:23:34', '2025-01-17 06:23:34'),
(211, '1108', 'Customer', '2025-01-17 09:24:06', '2025-01-17 09:24:06'),
(212, '1108', 'Customer', '2025-01-17 09:24:53', '2025-01-17 09:24:53'),
(213, '1108', 'Customer', '2025-01-17 09:25:13', '2025-01-17 09:25:13'),
(214, '1108', 'Customer', '2025-01-17 09:25:34', '2025-01-17 09:25:34'),
(215, '1109', 'Customer', '2025-03-05 09:04:19', '2025-03-05 09:04:19'),
(216, '1109', 'Customer', '2025-03-05 09:04:56', '2025-03-05 09:04:56'),
(217, '1109', 'Customer', '2025-03-05 09:05:23', '2025-03-05 09:05:23'),
(218, '1109', 'Customer', '2025-03-05 09:07:12', '2025-03-05 09:07:12'),
(219, '1109', 'Customer', '2025-03-05 09:07:19', '2025-03-05 09:07:19'),
(220, '1109', 'Customer', '2025-03-05 09:07:54', '2025-03-05 09:07:54'),
(221, '1109', 'Customer', '2025-03-05 09:08:33', '2025-03-05 09:08:33'),
(222, '1109', 'Customer', '2025-03-05 09:09:59', '2025-03-05 09:09:59'),
(223, '1109', 'Customer', '2025-03-05 09:10:20', '2025-03-05 09:10:20'),
(224, '1109', 'Customer', '2025-03-05 09:10:28', '2025-03-05 09:10:28'),
(225, '1109', 'Customer', '2025-03-05 09:10:34', '2025-03-05 09:10:34'),
(226, '1109', 'Customer', '2025-03-05 09:11:19', '2025-03-05 09:11:19'),
(227, '1109', 'Customer', '2025-03-05 09:11:44', '2025-03-05 09:11:44'),
(228, '1109', 'Customer', '2025-03-05 09:11:57', '2025-03-05 09:11:57'),
(229, '1109', 'Customer', '2025-03-05 09:12:35', '2025-03-05 09:12:35'),
(230, '1109', 'Customer', '2025-03-05 09:12:46', '2025-03-05 09:12:46'),
(231, '1109', 'Customer', '2025-03-05 09:13:57', '2025-03-05 09:13:57'),
(232, '1109', 'Customer', '2025-03-05 09:13:59', '2025-03-05 09:13:59'),
(233, '1109', 'Customer', '2025-03-05 09:14:05', '2025-03-05 09:14:05'),
(234, '1109', 'Customer', '2025-03-05 09:14:06', '2025-03-05 09:14:06'),
(235, '1109', 'Customer', '2025-03-05 09:14:11', '2025-03-05 09:14:11'),
(236, '1109', 'Customer', '2025-03-05 09:14:13', '2025-03-05 09:14:13'),
(237, '1109', 'Customer', '2025-03-05 09:14:16', '2025-03-05 09:14:16'),
(238, '1109', 'Customer', '2025-03-05 09:14:18', '2025-03-05 09:14:18'),
(239, '1109', 'Customer', '2025-03-05 09:14:19', '2025-03-05 09:14:19'),
(240, '1109', 'Customer', '2025-03-05 09:14:20', '2025-03-05 09:14:20'),
(241, '1109', 'Customer', '2025-03-05 09:14:21', '2025-03-05 09:14:21'),
(242, '1109', 'Customer', '2025-03-05 09:14:24', '2025-03-05 09:14:24'),
(243, '1109', 'Customer', '2025-03-05 09:15:24', '2025-03-05 09:15:24'),
(244, '1109', 'Customer', '2025-03-05 09:15:36', '2025-03-05 09:15:36'),
(245, '1109', 'Customer', '2025-03-05 09:15:47', '2025-03-05 09:15:47'),
(246, '1109', 'Customer', '2025-03-05 09:16:15', '2025-03-05 09:16:15'),
(247, '1109', 'Customer', '2025-03-05 09:16:17', '2025-03-05 09:16:17'),
(248, '1109', 'Customer', '2025-03-05 09:16:18', '2025-03-05 09:16:18'),
(249, '1109', 'Customer', '2025-03-05 09:16:21', '2025-03-05 09:16:21'),
(250, '1109', 'Customer', '2025-03-05 09:16:22', '2025-03-05 09:16:22'),
(251, '1109', 'Customer', '2025-03-05 09:16:23', '2025-03-05 09:16:23'),
(252, '1109', 'Customer', '2025-03-05 09:16:24', '2025-03-05 09:16:24'),
(253, '1109', 'Customer', '2025-03-05 09:16:38', '2025-03-05 09:16:38'),
(254, '1109', 'Customer', '2025-03-05 09:16:44', '2025-03-05 09:16:44'),
(255, '1109', 'Customer', '2025-03-05 09:16:47', '2025-03-05 09:16:47'),
(256, '1109', 'Customer', '2025-03-05 09:16:50', '2025-03-05 09:16:50'),
(257, '1109', 'Customer', '2025-03-05 09:16:52', '2025-03-05 09:16:52'),
(258, '1109', 'Customer', '2025-03-05 09:17:20', '2025-03-05 09:17:20'),
(259, '1109', 'Customer', '2025-03-05 09:19:02', '2025-03-05 09:19:02'),
(260, '1109', 'Customer', '2025-03-05 09:19:05', '2025-03-05 09:19:05'),
(261, '1109', 'Customer', '2025-03-05 09:19:06', '2025-03-05 09:19:06'),
(262, '1109', 'Customer', '2025-03-05 09:19:09', '2025-03-05 09:19:09'),
(263, '1109', 'Customer', '2025-03-05 09:19:11', '2025-03-05 09:19:11'),
(264, '1109', 'Customer', '2025-03-05 09:21:21', '2025-03-05 09:21:21'),
(265, '1109', 'Customer', '2025-03-05 09:22:13', '2025-03-05 09:22:13'),
(266, '1109', 'Customer', '2025-03-05 09:24:51', '2025-03-05 09:24:51'),
(267, '1110', 'Customer', '2025-03-05 09:26:16', '2025-03-05 09:26:16'),
(268, '1111', 'Customer', '2025-03-05 09:26:34', '2025-03-05 09:26:34'),
(269, '1111', 'Customer', '2025-03-05 09:26:50', '2025-03-05 09:26:50'),
(270, '1111', 'Customer', '2025-03-05 09:27:10', '2025-03-05 09:27:10'),
(271, '1111', 'Customer', '2025-03-05 09:27:13', '2025-03-05 09:27:13'),
(272, '1111', 'Customer', '2025-03-05 09:27:16', '2025-03-05 09:27:16'),
(273, '1111', 'Customer', '2025-03-05 09:28:15', '2025-03-05 09:28:15'),
(274, '1111', 'Customer', '2025-03-05 09:28:24', '2025-03-05 09:28:24'),
(275, '1111', 'Customer', '2025-03-05 09:29:00', '2025-03-05 09:29:00'),
(276, '1111', 'Customer', '2025-03-05 09:29:12', '2025-03-05 09:29:12'),
(277, '1111', 'Customer', '2025-03-05 09:30:15', '2025-03-05 09:30:15'),
(278, '1111', 'Customer', '2025-03-05 09:30:22', '2025-03-05 09:30:22'),
(279, '1111', 'Customer', '2025-03-05 09:30:27', '2025-03-05 09:30:27'),
(280, '1111', 'Customer', '2025-03-05 09:31:08', '2025-03-05 09:31:08'),
(281, '1111', 'Customer', '2025-03-05 09:32:18', '2025-03-05 09:32:18'),
(282, '1111', 'Customer', '2025-03-05 09:33:45', '2025-03-05 09:33:45'),
(283, '1111', 'Customer', '2025-03-05 09:33:52', '2025-03-05 09:33:52'),
(284, '1112', 'Customer', '2025-03-05 09:34:24', '2025-03-05 09:34:24'),
(285, '1113', 'Customer', '2025-03-05 09:34:32', '2025-03-05 09:34:32'),
(286, '1113', 'Customer', '2025-03-05 09:35:46', '2025-03-05 09:35:46'),
(287, '1113', 'Customer', '2025-03-05 09:35:53', '2025-03-05 09:35:53'),
(288, '1113', 'Customer', '2025-03-05 09:35:59', '2025-03-05 09:35:59'),
(289, '1113', 'Customer', '2025-03-05 09:36:07', '2025-03-05 09:36:07'),
(290, '1113', 'Customer', '2025-03-05 09:36:09', '2025-03-05 09:36:09'),
(291, '1113', 'Customer', '2025-03-05 09:36:12', '2025-03-05 09:36:12'),
(292, '1114', 'Customer', '2025-03-05 09:37:00', '2025-03-05 09:37:00'),
(293, '1115', 'Customer', '2025-03-05 09:37:40', '2025-03-05 09:37:40'),
(294, '1116', 'Customer', '2025-03-05 09:38:03', '2025-03-05 09:38:03'),
(295, '1116', 'Customer', '2025-03-05 09:38:58', '2025-03-05 09:38:58'),
(296, '1117', 'Customer', '2025-03-05 09:39:20', '2025-03-05 09:39:20'),
(297, '1118', 'Customer', '2025-03-05 09:41:29', '2025-03-05 09:41:29'),
(298, '1119', 'Customer', '2025-03-05 09:42:00', '2025-03-05 09:42:00'),
(299, '1120', 'Customer', '2025-03-05 09:44:46', '2025-03-05 09:44:46'),
(300, '1120', 'Customer', '2025-03-05 09:44:48', '2025-03-05 09:44:48'),
(301, '1120', 'Customer', '2025-03-05 09:44:58', '2025-03-05 09:44:58'),
(302, '1120', 'Customer', '2025-03-05 09:45:38', '2025-03-05 09:45:38'),
(303, '1120', 'Customer', '2025-03-05 09:45:47', '2025-03-05 09:45:47'),
(304, '1120', 'Customer', '2025-03-05 09:47:11', '2025-03-05 09:47:11'),
(305, '1120', 'Customer', '2025-03-05 09:49:06', '2025-03-05 09:49:06'),
(306, '1120', 'Customer', '2025-03-05 09:49:15', '2025-03-05 09:49:15'),
(307, '1120', 'Customer', '2025-03-05 09:49:31', '2025-03-05 09:49:31'),
(308, '1120', 'Customer', '2025-03-05 09:49:37', '2025-03-05 09:49:37'),
(309, '1120', 'Customer', '2025-03-05 09:49:41', '2025-03-05 09:49:41'),
(310, '1120', 'Customer', '2025-03-05 09:49:45', '2025-03-05 09:49:45'),
(311, '1120', 'Customer', '2025-03-05 09:49:51', '2025-03-05 09:49:51'),
(312, '1120', 'Customer', '2025-03-05 09:51:40', '2025-03-05 09:51:40'),
(313, '1120', 'Customer', '2025-03-05 09:52:12', '2025-03-05 09:52:12'),
(314, '1121', 'Customer', '2025-03-05 09:52:17', '2025-03-05 09:52:17'),
(315, '1120', 'Customer', '2025-03-05 09:52:25', '2025-03-05 09:52:25'),
(316, '1120', 'Customer', '2025-03-05 09:52:40', '2025-03-05 09:52:40'),
(317, '1120', 'Customer', '2025-03-05 09:54:24', '2025-03-05 09:54:24'),
(318, '1120', 'Customer', '2025-03-05 09:54:33', '2025-03-05 09:54:33'),
(319, '1121', 'Customer', '2025-03-05 09:54:36', '2025-03-05 09:54:36'),
(320, '1122', 'Customer', '2025-03-05 09:54:57', '2025-03-05 09:54:57'),
(321, '1123', 'Customer', '2025-03-05 09:56:10', '2025-03-05 09:56:10'),
(322, '1123', 'Customer', '2025-03-05 09:56:40', '2025-03-05 09:56:40'),
(323, '1123', 'Customer', '2025-03-05 09:57:00', '2025-03-05 09:57:00'),
(324, '1124', 'Customer', '2025-03-05 09:57:22', '2025-03-05 09:57:22'),
(325, '1125', 'Customer', '2025-03-05 09:57:38', '2025-03-05 09:57:38'),
(326, '1125', 'Customer', '2025-03-05 09:58:28', '2025-03-05 09:58:28'),
(327, '1126', 'Customer', '2025-03-05 09:59:28', '2025-03-05 09:59:28'),
(328, '1127', 'Customer', '2025-03-05 10:00:38', '2025-03-05 10:00:38'),
(329, '1128', 'Customer', '2025-03-05 10:02:44', '2025-03-05 10:02:44'),
(330, '1128', 'Customer', '2025-03-05 10:03:09', '2025-03-05 10:03:09'),
(331, '1129', 'Customer', '2025-03-05 10:05:25', '2025-03-05 10:05:25'),
(332, '1129', 'Customer', '2025-03-05 10:06:23', '2025-03-05 10:06:23'),
(333, '1129', 'Customer', '2025-03-05 10:06:31', '2025-03-05 10:06:31'),
(334, '1129', 'Customer', '2025-03-05 10:07:34', '2025-03-05 10:07:34'),
(335, '1129', 'Customer', '2025-03-05 10:07:38', '2025-03-05 10:07:38'),
(336, '1129', 'Customer', '2025-03-05 10:07:48', '2025-03-05 10:07:48'),
(337, '1129', 'Customer', '2025-03-05 10:10:41', '2025-03-05 10:10:41'),
(338, '1129', 'Customer', '2025-03-05 10:11:30', '2025-03-05 10:11:30'),
(339, '1130', 'Customer', '2025-03-05 10:11:36', '2025-03-05 10:11:36'),
(340, '1131', 'Customer', '2025-03-05 10:12:22', '2025-03-05 10:12:22'),
(341, '1132', 'Customer', '2025-03-05 10:16:11', '2025-03-05 10:16:11'),
(342, '1132', 'Customer', '2025-03-05 10:16:16', '2025-03-05 10:16:16'),
(343, '1132', 'Customer', '2025-03-05 10:16:26', '2025-03-05 10:16:26'),
(344, '1132', 'Customer', '2025-03-05 10:17:09', '2025-03-05 10:17:09'),
(345, '1132', 'Customer', '2025-03-05 10:17:20', '2025-03-05 10:17:20'),
(346, '1132', 'Customer', '2025-03-05 10:18:03', '2025-03-05 10:18:03'),
(347, '1132', 'Customer', '2025-03-05 10:18:05', '2025-03-05 10:18:05'),
(348, '1132', 'Customer', '2025-03-05 10:18:23', '2025-03-05 10:18:23'),
(349, '1132', 'Customer', '2025-03-05 10:19:21', '2025-03-05 10:19:21'),
(350, '1132', 'Customer', '2025-03-05 10:19:22', '2025-03-05 10:19:22'),
(351, '1132', 'Customer', '2025-03-05 10:19:41', '2025-03-05 10:19:41'),
(352, '1134', 'Customer', '2025-03-05 10:24:36', '2025-03-05 10:24:36'),
(353, '1134', 'Customer', '2025-03-05 10:24:52', '2025-03-05 10:24:52'),
(354, '1134', 'Customer', '2025-03-05 10:25:16', '2025-03-05 10:25:16'),
(355, '1134', 'Customer', '2025-03-05 10:25:42', '2025-03-05 10:25:42'),
(356, '1135', 'Customer', '2025-03-05 10:26:46', '2025-03-05 10:26:46'),
(357, '1135', 'Customer', '2025-03-05 10:28:06', '2025-03-05 10:28:06'),
(358, '1135', 'Customer', '2025-03-05 10:28:21', '2025-03-05 10:28:21'),
(359, '1136', 'Customer', '2025-03-05 10:47:37', '2025-03-05 10:47:37'),
(360, '1136', 'Customer', '2025-03-05 10:48:04', '2025-03-05 10:48:04'),
(361, '1136', 'Customer', '2025-03-05 10:48:19', '2025-03-05 10:48:19'),
(362, '1137', 'Customer', '2025-03-05 10:49:19', '2025-03-05 10:49:19'),
(363, '1137', 'Customer', '2025-03-30 02:13:40', '2025-03-30 02:13:40'),
(364, '1137', 'Customer', '2025-03-30 02:16:28', '2025-03-30 02:16:28'),
(365, '1137', 'Customer', '2025-03-30 02:16:29', '2025-03-30 02:16:29'),
(366, '1137', 'Customer', '2025-03-30 02:20:15', '2025-03-30 02:20:15'),
(367, '1137', 'Customer', '2025-03-30 02:20:31', '2025-03-30 02:20:31'),
(368, '1137', 'Customer', '2025-03-30 02:20:56', '2025-03-30 02:20:56'),
(369, '1137', 'Customer', '2025-03-30 02:21:35', '2025-03-30 02:21:35'),
(370, '1137', 'Customer', '2025-03-30 02:22:41', '2025-03-30 02:22:41'),
(371, '1137', 'Customer', '2025-03-30 02:22:53', '2025-03-30 02:22:53'),
(372, '1137', 'Customer', '2025-03-30 02:26:13', '2025-03-30 02:26:13'),
(373, '1137', 'Customer', '2025-03-30 02:26:22', '2025-03-30 02:26:22'),
(374, '1137', 'Customer', '2025-03-30 02:26:27', '2025-03-30 02:26:27'),
(375, '1137', 'Customer', '2025-03-30 02:26:29', '2025-03-30 02:26:29'),
(376, '1137', 'Customer', '2025-03-30 02:26:30', '2025-03-30 02:26:30'),
(377, '1137', 'Customer', '2025-03-30 02:26:30', '2025-03-30 02:26:30'),
(378, '1137', 'Customer', '2025-03-30 02:26:31', '2025-03-30 02:26:31'),
(379, '1137', 'Customer', '2025-03-30 02:26:32', '2025-03-30 02:26:32'),
(380, '1137', 'Customer', '2025-03-30 02:26:39', '2025-03-30 02:26:39'),
(381, '1137', 'Customer', '2025-03-30 02:26:42', '2025-03-30 02:26:42'),
(382, '1137', 'Customer', '2025-03-30 02:27:15', '2025-03-30 02:27:15'),
(383, '1138', 'Customer', '2025-03-30 02:27:58', '2025-03-30 02:27:58'),
(384, '1139', 'Customer', '2025-03-30 03:37:51', '2025-03-30 03:37:51'),
(385, '1139', 'Customer', '2025-03-30 03:39:15', '2025-03-30 03:39:15'),
(386, '1139', 'Customer', '2025-03-30 03:41:13', '2025-03-30 03:41:13'),
(387, '1139', 'Customer', '2025-03-30 03:52:49', '2025-03-30 03:52:49'),
(388, '1140', 'Customer', '2025-03-30 03:54:07', '2025-03-30 03:54:07'),
(389, '1141', 'Customer', '2025-03-30 03:54:22', '2025-03-30 03:54:22'),
(390, '1142', 'Customer', '2025-03-30 03:58:55', '2025-03-30 03:58:55'),
(391, '1143', 'Customer', '2025-03-30 04:22:49', '2025-03-30 04:22:49'),
(392, '1145', 'Customer', '2025-03-30 05:38:45', '2025-03-30 05:38:45'),
(393, '1146', 'Customer', '2025-03-30 05:40:04', '2025-03-30 05:40:04'),
(394, '1147', 'Customer', '2025-03-30 12:08:16', '2025-03-30 12:08:16'),
(395, '1148', 'Customer', '2025-03-30 12:09:49', '2025-03-30 12:09:49'),
(396, '1149', 'Customer', '2025-03-30 12:27:51', '2025-03-30 12:27:51'),
(397, '1150', 'Customer', '2025-03-30 12:32:30', '2025-03-30 12:32:30'),
(398, '1151', 'Customer', '2025-03-30 12:33:38', '2025-03-30 12:33:38');

-- --------------------------------------------------------

--
-- Table structure for table `failed_jobs`
--

CREATE TABLE `failed_jobs` (
  `id` bigint UNSIGNED NOT NULL,
  `uuid` varchar(255) CHARACTER SET utf8mb4 COLLATE utf8mb4_unicode_ci NOT NULL,
  `connection` text CHARACTER SET utf8mb4 COLLATE utf8mb4_unicode_ci NOT NULL,
  `queue` text CHARACTER SET utf8mb4 COLLATE utf8mb4_unicode_ci NOT NULL,
  `payload` longtext CHARACTER SET utf8mb4 COLLATE utf8mb4_unicode_ci NOT NULL,
  `exception` longtext CHARACTER SET utf8mb4 COLLATE utf8mb4_unicode_ci NOT NULL,
  `failed_at` timestamp NOT NULL DEFAULT CURRENT_TIMESTAMP
) ENGINE=InnoDB DEFAULT CHARSET=utf8mb4 COLLATE=utf8mb4_unicode_ci;

-- --------------------------------------------------------

--
-- Table structure for table `gcash_transactions`
--

CREATE TABLE `gcash_transactions` (
  `id` bigint UNSIGNED NOT NULL,
  `reference_number` varchar(255) CHARACTER SET utf8mb4 COLLATE utf8mb4_unicode_ci NOT NULL,
  `sender_name` varchar(255) CHARACTER SET utf8mb4 COLLATE utf8mb4_unicode_ci DEFAULT NULL,
  `amount` decimal(10,2) NOT NULL,
  `ticket_number` varchar(255) CHARACTER SET utf8mb4 COLLATE utf8mb4_unicode_ci NOT NULL,
  `transaction_date` timestamp NOT NULL DEFAULT CURRENT_TIMESTAMP,
  `created_at` timestamp NULL DEFAULT NULL,
  `updated_at` timestamp NULL DEFAULT NULL
) ENGINE=InnoDB DEFAULT CHARSET=utf8mb4 COLLATE=utf8mb4_unicode_ci;

--
-- Dumping data for table `gcash_transactions`
--

INSERT INTO `gcash_transactions` (`id`, `reference_number`, `sender_name`, `amount`, `ticket_number`, `transaction_date`, `created_at`, `updated_at`) VALUES
(1, '12334521', 'Frwed', 184.00, 'N/A', '2025-03-30 02:27:22', '2025-03-30 02:27:22', '2025-03-30 02:27:22'),
(2, '3249085091-123', 'Fred S', 100.80, 'N/A', '2025-03-30 02:28:50', '2025-03-30 02:28:50', '2025-03-30 02:28:50'),
(3, '34513123', 'Fred G', 45.00, 'N/A', '2025-03-30 03:38:05', '2025-03-30 03:38:05', '2025-03-30 03:38:05'),
(4, '1237840238-12389', 'Frwed SF', 208.80, 'N/A', '2025-03-30 03:53:17', '2025-03-30 03:53:17', '2025-03-30 03:53:17'),
(5, '21453645567567', 'GF ASW', 10.00, 'N/A', '2025-03-30 03:59:05', '2025-03-30 03:59:05', '2025-03-30 03:59:05'),
(6, '4587523894123-REW', 'TEST D', 11.20, 'N/A', '2025-03-30 04:23:16', '2025-03-30 04:23:16', '2025-03-30 04:23:16'),
(7, '1391391011', 'billy', 134.00, 'N/A', '2025-03-30 05:40:33', '2025-03-30 05:40:33', '2025-03-30 05:40:33'),
(8, '1234567891', 'bil. j.', 45.00, 'N/A', '2025-03-30 12:10:46', '2025-03-30 12:10:46', '2025-03-30 12:10:46');

-- --------------------------------------------------------

--
-- Table structure for table `g_cashes`
--

CREATE TABLE `g_cashes` (
  `id` bigint UNSIGNED NOT NULL,
  `transaction_number` varchar(255) CHARACTER SET utf8mb4 COLLATE utf8mb4_unicode_ci NOT NULL,
  `type` varchar(255) CHARACTER SET utf8mb4 COLLATE utf8mb4_unicode_ci NOT NULL,
  `amount` varchar(255) CHARACTER SET utf8mb4 COLLATE utf8mb4_unicode_ci NOT NULL,
  `charge` varchar(255) CHARACTER SET utf8mb4 COLLATE utf8mb4_unicode_ci NOT NULL,
  `created_at` timestamp NULL DEFAULT NULL,
  `updated_at` timestamp NULL DEFAULT NULL
) ENGINE=InnoDB DEFAULT CHARSET=utf8mb4 COLLATE=utf8mb4_unicode_ci;

--
-- Dumping data for table `g_cashes`
--

INSERT INTO `g_cashes` (`id`, `transaction_number`, `type`, `amount`, `charge`, `created_at`, `updated_at`) VALUES
(1, '34512344235345', 'Cash In', '2000', '40', '2025-03-05 10:20:24', '2025-03-05 10:20:24'),
(2, '17384817511', 'Cash In', '200', '10', '2025-03-30 04:51:11', '2025-03-30 04:51:11'),
(3, '1856275817', 'Cash Out', '500', '10', '2025-03-30 04:51:48', '2025-03-30 04:51:48'),
(4, '1234856725', 'Cash In', '200', '10', '2025-03-30 12:11:40', '2025-03-30 12:11:40'),
(5, '12572817261', 'Cash In', '250', '10', '2025-03-30 12:35:22', '2025-03-30 12:35:22');

-- --------------------------------------------------------

--
-- Table structure for table `jobs`
--

CREATE TABLE `jobs` (
  `id` bigint UNSIGNED NOT NULL,
  `queue` varchar(255) CHARACTER SET utf8mb4 COLLATE utf8mb4_unicode_ci NOT NULL,
  `payload` longtext CHARACTER SET utf8mb4 COLLATE utf8mb4_unicode_ci NOT NULL,
  `attempts` tinyint UNSIGNED NOT NULL,
  `reserved_at` int UNSIGNED DEFAULT NULL,
  `available_at` int UNSIGNED NOT NULL,
  `created_at` int UNSIGNED NOT NULL
) ENGINE=InnoDB DEFAULT CHARSET=utf8mb4 COLLATE=utf8mb4_unicode_ci;

-- --------------------------------------------------------

--
-- Table structure for table `job_batches`
--

CREATE TABLE `job_batches` (
  `id` varchar(255) CHARACTER SET utf8mb4 COLLATE utf8mb4_unicode_ci NOT NULL,
  `name` varchar(255) CHARACTER SET utf8mb4 COLLATE utf8mb4_unicode_ci NOT NULL,
  `total_jobs` int NOT NULL,
  `pending_jobs` int NOT NULL,
  `failed_jobs` int NOT NULL,
  `failed_job_ids` longtext CHARACTER SET utf8mb4 COLLATE utf8mb4_unicode_ci NOT NULL,
  `options` mediumtext CHARACTER SET utf8mb4 COLLATE utf8mb4_unicode_ci,
  `cancelled_at` int DEFAULT NULL,
  `created_at` int NOT NULL,
  `finished_at` int DEFAULT NULL
) ENGINE=InnoDB DEFAULT CHARSET=utf8mb4 COLLATE=utf8mb4_unicode_ci;

-- --------------------------------------------------------

--
-- Table structure for table `migrations`
--

CREATE TABLE `migrations` (
  `id` int UNSIGNED NOT NULL,
  `migration` varchar(255) CHARACTER SET utf8mb4 COLLATE utf8mb4_unicode_ci NOT NULL,
  `batch` int NOT NULL
) ENGINE=InnoDB DEFAULT CHARSET=utf8mb4 COLLATE=utf8mb4_unicode_ci;

--
-- Dumping data for table `migrations`
--

INSERT INTO `migrations` (`id`, `migration`, `batch`) VALUES
(5, '2024_04_23_042453_create_sessions_table', 2),
(6, '2024_04_23_045809_create_tbl_menus', 3),
(8, '2024_04_23_041046_create_customers_table', 5),
(13, '2024_04_23_073859_create_tbl_history', 6),
(22, '2024_04_24_083018_create_tbl_shifts', 9),
(23, '2024_05_08_144552_create_stocks_table', 10),
(27, '2024_04_23_040954_create_tbl_cashiers', 13),
(28, '2024_06_10_174223_create_admins_table', 14),
(39, '0001_01_01_000000_create_users_table', 15),
(40, '0001_01_01_000001_create_cache_table', 15),
(41, '0001_01_01_000002_create_jobs_table', 15),
(42, '2024_04_28_160615_create_tbl_ticket', 15),
(43, '2024_07_09_104659_create_suppliers_table', 15),
(44, '2024_07_09_104730_create_supplier_orders_table', 15),
(45, '2024_07_23_163745_create_pending_accounts_table', 15),
(46, '2024_07_31_212212_create_batch_orders_table', 15),
(47, '2024_08_06_163851_create_g_cashes_table', 15),
(48, '2024_08_24_182400_create_pending_items_table', 15),
(49, '2025_01_20_134155_add_email_to_admins_table', 16),
(50, '2025_01_20_134234_add_email_to_admins_table', 16),
(51, '2025_01_21_172557_create_cms_table', 17),
(52, '2025_03_02_004428_add_expiration_date_to_stocks_table', 18),
(53, '2025_03_02_014704_add_email_to_suppliers_table', 18),
(54, '2025_03_02_015806_create_stock_batches_table', 19),
(55, '2025_03_02_021316_create_stock_adjustment_logs_table', 20),
(56, '2025_03_02_021924_add_item_column_to_stock_adjustment_logs_table', 21),
(57, '2025_03_05_164218_add_item_promo_to_stocks_table', 21),
(58, '2025_03_30_100049_create_gcash_transactions_table', 22),
(59, '2025_03_30_102334_make_ticket_number_nullable_in_gcash_transactions', 23);

-- --------------------------------------------------------

--
-- Table structure for table `orders`
--

CREATE TABLE `orders` (
  `id` int NOT NULL,
  `ticket` varchar(255) CHARACTER SET utf8mb4 COLLATE utf8mb4_general_ci NOT NULL,
  `food_name` varchar(255) CHARACTER SET utf8mb4 COLLATE utf8mb4_unicode_ci NOT NULL,
  `created_at` timestamp NULL DEFAULT NULL,
  `updated_at` timestamp NULL DEFAULT NULL
) ENGINE=InnoDB DEFAULT CHARSET=utf8mb4 COLLATE=utf8mb4_general_ci;

--
-- Dumping data for table `orders`
--

INSERT INTO `orders` (`id`, `ticket`, `food_name`, `created_at`, `updated_at`) VALUES
(1, '1014', 'Baked Macaroni', NULL, NULL),
(2, '1014', 'Palabok', NULL, NULL),
(3, '1015', 'Spaghetti', NULL, NULL),
(4, '1015', 'Palabok', NULL, NULL),
(5, '1016', 'Palabok', NULL, NULL),
(6, '1016', 'Spaghetti', NULL, NULL),
(7, '1017', 'Sopas', NULL, NULL),
(8, '1017', 'Spaghetti', NULL, NULL),
(9, '1017', 'Palabok', NULL, NULL),
(10, '1017', 'Baked Macaroni', NULL, NULL),
(11, '1018', 'Palabok', NULL, NULL),
(12, '1018', 'Baked Macaroni', NULL, NULL),
(13, '1018', 'Spaghetti', NULL, NULL),
(14, '1018', 'Sopas', NULL, NULL),
(15, '1018', 'Baked Macaroni', NULL, NULL),
(16, '1019', 'Baked Macaroni', NULL, NULL),
(17, '1019', 'Palabok', NULL, NULL),
(18, '1020', 'Palabok', NULL, NULL),
(19, '1020', 'Spaghetti', NULL, NULL),
(26, '1022', 'Rice', NULL, NULL),
(27, '1022', 'Nomu-nomu Lychee', NULL, NULL),
(28, '1021', 'Nomu-nomu Lychee', NULL, NULL),
(29, '1021', 'Rice', NULL, NULL),
(30, '1023', 'Pod\'s Pea Snack', NULL, NULL),
(31, '1023', 'Nomu-nomu Lychee', NULL, NULL),
(32, '1023', 'Rice', NULL, NULL),
(33, '1024', 'Pod\'s Pea Snack', NULL, NULL),
(34, '1024', 'Pod\'s Pea Snack', NULL, NULL),
(35, '1024', 'Nomu-nomu Lychee', NULL, NULL),
(36, '1025', 'Sopas', NULL, NULL),
(37, '1025', 'Pod\'s Pea Snack', NULL, NULL),
(38, '1025', 'Nomu-nomu Lychee', NULL, NULL),
(39, '1025', 'Rice', NULL, NULL),
(40, '1026', 'Pod\'s Pea Snack', NULL, NULL),
(41, '1026', 'Pod\'s Pea Snack', NULL, NULL),
(42, '1026', 'Pod\'s Pea Snack', NULL, NULL),
(43, '1026', 'Pod\'s Pea Snack', NULL, NULL),
(44, '1026', 'Nomu-nomu Lychee', NULL, NULL),
(45, '1026', 'Rice', NULL, NULL),
(46, '1026', 'Nomu-nomu Lychee', NULL, NULL),
(47, '1027', 'Rice', NULL, NULL),
(48, '1027', 'Nomu-nomu Lychee', NULL, NULL),
(52, '1029', 'Oishi Prawn Crackers Spicy Flavor 75g', NULL, NULL),
(53, '1029', 'Pilllows Ube 100g', NULL, NULL),
(54, '1029', 'Pillows Chocolate 100g', NULL, NULL),
(58, '1030', 'Oishi Prawn Crackers Spicy Flavor 75g', NULL, NULL),
(59, '1030', 'Pilllows Ube 100g', NULL, NULL),
(60, '1030', 'Pillows Chocolate 100g', NULL, NULL),
(61, '1031', 'Oishi Prawn Crackers Spicy Flavor 75g', NULL, NULL),
(62, '1031', 'Pod\'s Pea Snack', NULL, NULL),
(63, '1031', 'Pillows Chocolate 100g', NULL, NULL),
(64, '1032', 'Nomu-nomu Lychee', NULL, NULL),
(65, '1032', 'Pilllows Ube 100g', NULL, NULL),
(66, '1033', 'Oishi Prawn Crackers Spicy Flavor 75g', NULL, NULL),
(67, '1033', 'Oishi Prawn Crackers Spicy Flavor 75g', NULL, NULL),
(68, '1033', 'Pilllows Ube 100g', NULL, NULL),
(69, '1033', 'Nomu-nomu Lychee', NULL, NULL),
(70, '1034', 'Nomu-nomu Lychee', NULL, NULL),
(71, '1034', 'Nomu-nomu Lychee', NULL, NULL),
(72, '1034', 'Nomu-nomu Lychee', NULL, NULL),
(73, '1035', 'Oishi Prawn Crackers Spicy Flavor 75g', NULL, NULL),
(74, '1035', 'Pod\'s Pea Snack', NULL, NULL),
(75, '1035', 'Oishi Prawn Crackers Spicy Flavor 75g', NULL, NULL),
(76, '1036', 'Cheetos 75g', NULL, NULL),
(77, '1036', 'Cheetos 75g', NULL, NULL),
(78, '1036', 'Cheetos 75g', NULL, NULL),
(79, '1036', 'Cheetos 75g', NULL, NULL),
(80, '1036', 'Cheetos 75g', NULL, NULL),
(81, '1036', 'Cheetos 75g', NULL, NULL),
(82, '1036', 'Cheetos 75g', NULL, NULL),
(83, '1036', 'Cheetos 75g', NULL, NULL),
(84, '1036', 'Cheetos 75g', NULL, NULL),
(85, '1036', 'Cheetos 75g', NULL, NULL),
(86, '1037', 'Pocky Choco', NULL, NULL),
(87, '1037', 'Stick-O Chocolate 200G', NULL, NULL),
(88, '1037', 'Pocky Choco', NULL, NULL),
(89, '1037', 'Pocky Choco', NULL, NULL),
(90, '1038', 'Pocky Choco', NULL, NULL),
(91, '1038', 'Pilllows Ube 100g', NULL, NULL),
(92, '1038', 'Stick-O Chocolate 200G', NULL, NULL),
(93, '1038', 'Piattos Cheese Flavor 125g', NULL, NULL),
(94, '1039', 'Cheetos 75g', NULL, NULL),
(95, '1039', 'Cheetos 75g', NULL, NULL),
(96, '1040', 'Cheetos 75g', NULL, NULL),
(97, '1040', 'Pod\'s Pea Snack', NULL, NULL),
(98, '1041', 'Oishi Prawn Crackers Spicy Flavor 75g', NULL, NULL),
(99, '1041', 'Pocky Choco', NULL, NULL),
(100, '1042', 'Pillows Chocolate 100g', NULL, NULL),
(101, '1042', 'Pod\'s Pea Snack', NULL, NULL),
(102, '1042', 'Nomu-nomu Lychee', NULL, NULL),
(103, '1043', 'Cheetos 75g', NULL, NULL),
(104, '1043', 'Nomu-nomu Lychee', NULL, NULL),
(105, '1043', 'Pod\'s Pea Snack', NULL, NULL),
(106, '1044', 'Pocky Choco', NULL, NULL),
(107, '1045', 'Pocky Choco', NULL, NULL),
(108, '1045', 'Pilllows Ube 100g', NULL, NULL),
(109, '1046', 'Pillows Chocolate 100g', NULL, NULL),
(110, '1047', 'Pilllows Ube 100g', NULL, NULL),
(111, '1047', 'Pillows Chocolate 100g', NULL, NULL),
(112, '1047', 'Pod\'s Pea Snack', NULL, NULL),
(113, '1048', 'Rice per pack', NULL, NULL),
(114, '1049', 'Pilllows Ube 100g', NULL, NULL),
(115, '1049', 'Pocky Choco', NULL, NULL),
(116, '1049', 'Stick-O Chocolate 200G', NULL, NULL),
(117, '1050', 'Pocky Choco', NULL, NULL),
(118, '1050', 'Stick-O Chocolate 200G', NULL, NULL),
(119, '1051', 'Oishi Prawn Crackers Spicy Flavor 75g', NULL, NULL),
(120, '1052', 'Cheetos 75g', NULL, NULL),
(121, '1053', 'Sopas', NULL, NULL),
(122, '1053', 'Pillows Chocolate 100g', NULL, NULL),
(123, '1054', 'Cheetos 75g', NULL, NULL),
(124, '1054', 'Oishi Prawn Crackers Spicy Flavor 75g', NULL, NULL),
(125, '1054', 'Cheetos 75g', NULL, NULL),
(126, '1054', 'Oishi Prawn Crackers Spicy Flavor 75g', NULL, NULL),
(127, '1055', 'Pilllows Ube 100g', NULL, NULL),
(128, '1055', 'Nomu-nomu Lychee', NULL, NULL),
(129, '1056', 'Pillows Chocolate 100g', NULL, NULL),
(130, '1056', 'Pillows Chocolate 100g', NULL, NULL),
(131, '1056', 'Pillows Chocolate 100g', NULL, NULL),
(132, '1056', 'Pillows Chocolate 100g', NULL, NULL),
(133, '1056', 'Pillows Chocolate 100g', NULL, NULL),
(134, '1056', 'Pillows Chocolate 100g', NULL, NULL),
(135, '1056', 'Pillows Chocolate 100g', NULL, NULL),
(136, '1056', 'Stick-O Chocolate 200G', NULL, NULL),
(137, '1056', 'Piattos Cheese Flavor 125g', NULL, NULL),
(138, '1056', 'Piattos Cheese Flavor 125g', NULL, NULL),
(139, '1056', 'Stick-O Chocolate 200G', NULL, NULL),
(140, '1056', 'Stick-O Chocolate 200G', NULL, NULL),
(141, '1056', 'Pod\'s Pea Snack', NULL, NULL),
(142, '1057', 'Sopas', NULL, NULL),
(143, '1057', 'Piattos Cheese Flavor 125g', NULL, NULL),
(144, '1058', 'Rice per pack', NULL, NULL),
(145, '1058', 'Rice per pack', NULL, NULL),
(146, '1058', 'Rice per pack', NULL, NULL),
(147, '1058', 'Rice per pack', NULL, NULL),
(148, '1058', 'Rice per pack', NULL, NULL),
(149, '1058', 'Rice per pack', NULL, NULL),
(150, '1058', 'Rice per pack', NULL, NULL),
(151, '1058', 'Rice per pack', NULL, NULL),
(152, '1058', 'Rice per pack', NULL, NULL),
(153, '1058', 'Rice per pack', NULL, NULL),
(154, '1059', 'Rice per pack', NULL, NULL),
(155, '1059', 'Rice per pack', NULL, NULL),
(156, '1059', 'Rice per pack', NULL, NULL),
(157, '1059', 'Rice per pack', NULL, NULL),
(158, '1060', 'Rice per pack', NULL, NULL),
(159, '1060', 'Rice per pack', NULL, NULL),
(160, '1060', 'Rice per pack', NULL, NULL),
(161, '1060', 'Rice per pack', NULL, NULL),
(162, '1060', 'Nomu-nomu Lychee', NULL, NULL),
(163, '1061', 'Pod\'s Pea Snack', NULL, NULL),
(164, '1062', 'Pillows Chocolate 100g', NULL, NULL),
(165, '1062', 'Sopas', NULL, NULL),
(166, '1063', 'Stick-O Chocolate 200G', NULL, NULL),
(167, '1063', 'Pocky Choco', NULL, NULL),
(168, '1064', 'Oishi Prawn Crackers Spicy Flavor 75g', NULL, NULL),
(169, '1064', 'Pilllows Ube 100g', NULL, NULL),
(170, '1064', 'Stick-O Chocolate 200G', NULL, NULL),
(171, '1065', 'Pillows Chocolate 100g', NULL, NULL),
(172, '1065', 'Sopas', NULL, NULL),
(173, '1065', 'Stick-O Chocolate 200G', NULL, NULL),
(174, '1065', 'Piattos Cheese Flavor 125g', NULL, NULL),
(175, '1066', 'Sopas', NULL, NULL),
(176, '1066', 'Cheetos 75g', NULL, NULL),
(177, '1066', 'Oishi Prawn Crackers Spicy Flavor 75g', NULL, NULL),
(178, '1067', 'Pocky Choco', NULL, NULL),
(179, '1067', 'Pilllows Ube 100g', NULL, NULL),
(180, '1067', 'Oishi Prawn Crackers Spicy Flavor 75g', NULL, NULL),
(181, '1067', 'Cheetos 75g', NULL, NULL),
(182, '1067', 'Piattos Cheese Flavor 125g', NULL, NULL),
(183, '1067', 'Stick-O Chocolate 200G', NULL, NULL),
(184, '1068', 'Pillows Chocolate 100g', NULL, NULL),
(185, '1068', 'Sopas', NULL, NULL),
(186, '1068', 'Pod\'s Pea Snack', NULL, NULL),
(187, '1069', 'Stick-O Chocolate 200G', NULL, NULL),
(188, '1069', 'Piattos Cheese Flavor 125g', NULL, NULL),
(189, '1069', 'Cheetos 75g', NULL, NULL),
(190, '1070', 'Piattos Cheese Flavor 125g', NULL, NULL),
(191, '1070', 'Stick-O Chocolate 200G', NULL, NULL),
(192, '1070', 'Roller Coaster', NULL, NULL),
(193, '1071', 'Cheetos 75g', NULL, NULL),
(194, '1071', 'Roller Coaster', NULL, NULL),
(195, '1071', 'Pilllows Ube 100g', NULL, NULL),
(196, '1072', 'Piattos Cheese Flavor 125g', NULL, NULL),
(197, '1072', 'Pod\'s Pea Snack', NULL, NULL),
(198, '1072', 'Rice per pack', NULL, NULL),
(199, '1072', 'Nomu-nomu Lychee', NULL, NULL),
(200, '1073', 'Rice per pack', NULL, NULL),
(201, '1073', 'Rice per pack', NULL, NULL),
(202, '1073', 'Rice per pack', NULL, NULL),
(203, '1073', 'Rice per pack', NULL, NULL),
(204, '1073', 'Rice per pack', NULL, NULL),
(205, '1073', 'Rice per pack', NULL, NULL),
(206, '1073', 'Rice per pack', NULL, NULL),
(207, '1073', 'Rice per pack', NULL, NULL),
(208, '1073', 'Rice per pack', NULL, NULL),
(209, '1073', 'Rice per pack', NULL, NULL),
(210, '1073', 'Rice per pack', NULL, NULL),
(211, '1073', 'Rice per pack', NULL, NULL),
(212, '1073', 'Rice per pack', NULL, NULL),
(213, '1073', 'Rice per pack', NULL, NULL),
(214, '1073', 'Rice per pack', NULL, NULL),
(215, '1073', 'Rice per pack', NULL, NULL),
(216, '1073', 'Rice per pack', NULL, NULL),
(217, '1073', 'Rice per pack', NULL, NULL),
(218, '1073', 'Rice per pack', NULL, NULL),
(219, '1074', 'Piattos Cheese Flavor 125g', NULL, NULL),
(220, '1074', 'Cheetos 75g', NULL, NULL),
(221, '1074', 'Oishi Prawn Crackers Spicy Flavor 75g', NULL, NULL),
(222, '1074', 'Pilllows Ube 100g', NULL, NULL),
(223, '1075', 'Rice per pack', NULL, NULL),
(224, '1075', 'Rice per pack', NULL, NULL),
(225, '1075', 'Rice per pack', NULL, NULL),
(226, '1075', 'Rice per pack', NULL, NULL),
(227, '1075', 'Rice per pack', NULL, NULL),
(228, '1075', 'Rice per pack', NULL, NULL),
(229, '1075', 'Rice per pack', NULL, NULL),
(230, '1075', 'Rice per pack', NULL, NULL),
(231, '1075', 'Rice per pack', NULL, NULL),
(232, '1075', 'Rice per pack', NULL, NULL),
(233, '1075', 'Rice per pack', NULL, NULL),
(234, '1076', 'Souper', NULL, NULL),
(235, '1076', 'Souper', NULL, NULL),
(236, '1077', 'Nescafe Original', NULL, NULL),
(237, '1077', 'Nescafe Original', NULL, NULL),
(238, '1077', 'Sopas', NULL, NULL),
(239, '1077', 'Sopas', NULL, NULL),
(240, '1077', 'Sopas', NULL, NULL),
(241, '1077', 'Sopas', NULL, NULL),
(242, '1077', 'Sopas', NULL, NULL),
(243, '1077', 'Sopas', NULL, NULL),
(244, '1077', 'Nescafe Original', NULL, NULL),
(245, '1078', 'Pocky Choco', NULL, NULL),
(246, '1079', 'Piattos Cheese Flavor 125g', NULL, NULL),
(247, '1079', 'Pocky Choco', NULL, NULL),
(248, '1079', 'Sopas', NULL, NULL),
(249, '1079', 'Sopas', NULL, NULL),
(250, '1079', 'Sopas', NULL, NULL),
(251, '1079', 'Sopas', NULL, NULL),
(252, '1079', 'Sopas', NULL, NULL),
(253, '1079', 'Sopas', NULL, NULL),
(254, '1079', 'Sopas', NULL, NULL),
(255, '1079', 'Sopas', NULL, NULL),
(256, '1079', 'Sopas', NULL, NULL),
(257, '1079', 'Sopas', NULL, NULL),
(258, '1079', 'Sopas', NULL, NULL),
(259, '1080', 'Nescafe Original Twin Pack Sugar Free', NULL, NULL),
(260, '1080', 'Nestle Koko Krunch 15g', NULL, NULL),
(261, '1081', 'Nestle Koko Krunch 15g', '2024-06-03 04:30:51', '2024-06-03 04:30:51'),
(262, '1081', 'Nestle Koko Krunch 15g', '2024-06-03 04:30:51', '2024-06-03 04:30:51'),
(263, '1081', 'Nestle Koko Krunch 15g', '2024-06-03 04:30:51', '2024-06-03 04:30:51'),
(264, '1081', 'Nestle Koko Krunch 15g', '2024-06-03 04:30:51', '2024-06-03 04:30:51'),
(265, '1081', 'Nestle Koko Krunch 15g', '2024-06-03 04:30:51', '2024-06-03 04:30:51'),
(266, '1081', 'Nestle Koko Krunch 15g', '2024-06-03 04:30:51', '2024-06-03 04:30:51'),
(267, '1082', 'Nestle Koko Krunch 15g', '2024-06-03 05:23:29', '2024-06-03 05:23:29'),
(268, '1082', 'Oishi Prawn Crackers 24g', '2024-06-03 05:23:29', '2024-06-03 05:23:29'),
(269, '1082', 'Piattos Cheese Flavor 125g', '2024-06-03 05:23:29', '2024-06-03 05:23:29'),
(270, '1082', 'Roller Coaster', '2024-06-03 05:23:29', '2024-06-03 05:23:29'),
(271, '1082', 'Oishi Prawn Crackers 24g', '2024-06-03 05:23:29', '2024-06-03 05:23:29'),
(272, '1083', 'Nescafe Original Twin Pack Sugar Free', '2024-06-03 08:22:30', '2024-06-03 08:22:30'),
(273, '1083', 'Roller Coaster', '2024-06-03 08:22:30', '2024-06-03 08:22:30'),
(274, '1083', 'Oishi Prawn Crackers Spicy Flavor 75g', '2024-06-03 08:22:30', '2024-06-03 08:22:30'),
(275, '1083', 'Pod\'s Pea Snack', '2024-06-03 08:22:30', '2024-06-03 08:22:30'),
(276, '1083', 'Piattos Cheese Flavor 125g', '2024-06-03 08:22:30', '2024-06-03 08:22:30'),
(277, '1083', 'Nomu-nomu Lychee', '2024-06-03 08:22:30', '2024-06-03 08:22:30'),
(278, '1083', 'Nomu-nomu Lychee', '2024-06-03 08:22:30', '2024-06-03 08:22:30'),
(279, '1084', 'Sopas', '2024-06-03 14:49:43', '2024-06-03 14:49:43'),
(280, '1084', 'Stick-O Chocolate 200G', '2024-06-03 14:49:43', '2024-06-03 14:49:43'),
(281, '1084', 'Cheetos 75g', '2024-06-03 14:49:43', '2024-06-03 14:49:43'),
(282, '1084', 'Sopas', '2024-06-03 15:02:33', '2024-06-03 15:02:33'),
(283, '1084', 'Stick-O Chocolate 200G', '2024-06-03 15:02:33', '2024-06-03 15:02:33'),
(284, '1084', 'Cheetos 75g', '2024-06-03 15:02:33', '2024-06-03 15:02:33'),
(285, '1084', 'Sopas', '2024-06-03 15:03:25', '2024-06-03 15:03:25'),
(286, '1084', 'Stick-O Chocolate 200G', '2024-06-03 15:03:25', '2024-06-03 15:03:25'),
(287, '1084', 'Cheetos 75g', '2024-06-03 15:03:25', '2024-06-03 15:03:25'),
(288, '1084', 'Sopas', '2024-06-03 15:05:14', '2024-06-03 15:05:14'),
(289, '1084', 'Stick-O Chocolate 200G', '2024-06-03 15:05:14', '2024-06-03 15:05:14'),
(290, '1084', 'Cheetos 75g', '2024-06-03 15:05:14', '2024-06-03 15:05:14'),
(291, '1084', 'Sopas', '2024-06-03 15:05:47', '2024-06-03 15:05:47'),
(292, '1084', 'Stick-O Chocolate 200G', '2024-06-03 15:05:47', '2024-06-03 15:05:47'),
(293, '1084', 'Cheetos 75g', '2024-06-03 15:05:47', '2024-06-03 15:05:47'),
(294, '1084', 'Sopas', '2024-06-03 15:06:16', '2024-06-03 15:06:16'),
(295, '1084', 'Stick-O Chocolate 200G', '2024-06-03 15:06:16', '2024-06-03 15:06:16'),
(296, '1084', 'Cheetos 75g', '2024-06-03 15:06:16', '2024-06-03 15:06:16'),
(297, '1084', 'Sopas', '2024-06-03 15:07:29', '2024-06-03 15:07:29'),
(298, '1084', 'Stick-O Chocolate 200G', '2024-06-03 15:07:29', '2024-06-03 15:07:29'),
(299, '1084', 'Cheetos 75g', '2024-06-03 15:07:29', '2024-06-03 15:07:29'),
(300, '1085', 'Nescafe Original Twin Pack Sugar Free', '2024-06-08 06:42:46', '2024-06-08 06:42:46'),
(301, '1085', 'Roller Coaster', '2024-06-08 06:42:46', '2024-06-08 06:42:46'),
(302, '1086', 'Nescafe Original Twin Pack Sugar Free', '2024-06-10 09:36:37', '2024-06-10 09:36:37'),
(303, '1086', 'Nestle Koko Krunch 15g', '2024-06-10 09:36:37', '2024-06-10 09:36:37'),
(304, '1086', 'Oishi Crispy Patata Baked Potato Flavor 24g', '2024-06-10 09:36:37', '2024-06-10 09:36:37'),
(305, '1087', 'Stick-O Chocolate 200G', '2024-06-10 09:37:39', '2024-06-10 09:37:39'),
(306, '1087', 'Nestle Koko Krunch 15g', '2024-06-10 09:37:39', '2024-06-10 09:37:39'),
(307, '1088', 'Oishi Prawn Crackers 24g', '2024-06-10 15:44:33', '2024-06-10 15:44:33'),
(308, '1088', 'Oishi Crispy Patata Baked Potato Flavor 24g', '2024-06-10 15:44:33', '2024-06-10 15:44:33'),
(309, '1088', 'Pocky Choco', '2024-06-10 15:44:33', '2024-06-10 15:44:33'),
(310, '1088', 'Souper', '2024-06-10 15:44:33', '2024-06-10 15:44:33'),
(311, '1088', 'Roller Coaster', '2024-06-10 15:44:33', '2024-06-10 15:44:33'),
(312, '1088', 'Nescafe Original Twin Pack Sugar Free', '2024-06-10 15:44:33', '2024-06-10 15:44:33'),
(313, '1088', 'Nestle Koko Krunch 15g', '2024-06-10 15:44:33', '2024-06-10 15:44:33'),
(314, '1088', 'Stick-O Chocolate 200G', '2024-06-10 15:44:33', '2024-06-10 15:44:33'),
(315, '1088', 'Piattos Cheese Flavor 125g', '2024-06-10 15:44:33', '2024-06-10 15:44:33'),
(316, '1088', 'Cheetos 75g', '2024-06-10 15:44:33', '2024-06-10 15:44:33'),
(317, '1088', 'Oishi Prawn Crackers Spicy Flavor 75g', '2024-06-10 15:44:33', '2024-06-10 15:44:33'),
(318, '1088', 'Pilllows Ube 100g', '2024-06-10 15:44:33', '2024-06-10 15:44:33'),
(319, '1088', 'Nomu-nomu Lychee', '2024-06-10 15:44:33', '2024-06-10 15:44:33'),
(320, '1088', 'Rice per pack', '2024-06-10 15:44:33', '2024-06-10 15:44:33'),
(321, '1088', 'Pod\'s Pea Snack', '2024-06-10 15:44:33', '2024-06-10 15:44:33'),
(322, '1088', 'Sopas', '2024-06-10 15:44:33', '2024-06-10 15:44:33'),
(323, '1088', 'Pillows Chocolate 100g', '2024-06-10 15:44:33', '2024-06-10 15:44:33'),
(324, '1089', 'Nestle Koko Krunch 15g', '2024-06-10 15:48:10', '2024-06-10 15:48:10'),
(325, '1089', 'Nescafe Original Twin Pack Sugar Free', '2024-06-10 15:48:10', '2024-06-10 15:48:10'),
(326, '1089', 'Roller Coaster', '2024-06-10 15:48:10', '2024-06-10 15:48:10'),
(327, '1089', 'Souper', '2024-06-10 15:48:10', '2024-06-10 15:48:10'),
(328, '1089', 'Nestle Koko Krunch 15g', '2024-06-10 15:48:56', '2024-06-10 15:48:56'),
(329, '1089', 'Nescafe Original Twin Pack Sugar Free', '2024-06-10 15:48:56', '2024-06-10 15:48:56'),
(330, '1089', 'Roller Coaster', '2024-06-10 15:48:56', '2024-06-10 15:48:56'),
(331, '1089', 'Souper', '2024-06-10 15:48:56', '2024-06-10 15:48:56'),
(332, '1089', 'Nestle Koko Krunch 15g', '2024-06-10 15:51:46', '2024-06-10 15:51:46'),
(333, '1089', 'Nescafe Original Twin Pack Sugar Free', '2024-06-10 15:51:46', '2024-06-10 15:51:46'),
(334, '1089', 'Roller Coaster', '2024-06-10 15:51:46', '2024-06-10 15:51:46'),
(335, '1089', 'Souper', '2024-06-10 15:51:46', '2024-06-10 15:51:46'),
(336, '1090', 'Oishi Prawn Crackers Spicy Flavor 75g', '2024-06-10 15:53:31', '2024-06-10 15:53:31'),
(337, '1090', 'Cheetos 75g', '2024-06-10 15:53:31', '2024-06-10 15:53:31'),
(338, '1090', 'Oishi Prawn Crackers Spicy Flavor 75g', '2024-06-10 15:53:48', '2024-06-10 15:53:48'),
(339, '1090', 'Cheetos 75g', '2024-06-10 15:53:48', '2024-06-10 15:53:48'),
(340, '1090', 'Oishi Prawn Crackers Spicy Flavor 75g', '2024-06-10 15:54:08', '2024-06-10 15:54:08'),
(341, '1090', 'Cheetos 75g', '2024-06-10 15:54:08', '2024-06-10 15:54:08'),
(342, '1091', 'Oishi Prawn Crackers 24g', '2024-06-10 15:54:25', '2024-06-10 15:54:25'),
(343, '1092', 'Nestle Koko Krunch 15g', '2024-06-10 15:55:40', '2024-06-10 15:55:40'),
(344, '1092', 'Nescafe Original Twin Pack Sugar Free', '2024-06-10 15:55:40', '2024-06-10 15:55:40'),
(345, '1092', 'Roller Coaster', '2024-06-10 15:55:40', '2024-06-10 15:55:40'),
(346, '1093', 'Pilllows Ube 100g', '2024-06-10 15:58:16', '2024-06-10 15:58:16'),
(347, '1094', 'Nescafe Original Twin Pack Sugar Free', '2024-06-10 15:58:47', '2024-06-10 15:58:47'),
(348, '1094', 'Roller Coaster', '2024-06-10 15:58:47', '2024-06-10 15:58:47'),
(349, '1095', 'Roller Coaster', '2024-06-10 15:59:32', '2024-06-10 15:59:32'),
(350, '1096', 'Roller Coaster', '2024-06-10 16:02:53', '2024-06-10 16:02:53'),
(351, '1096', 'Souper', '2024-06-10 16:02:53', '2024-06-10 16:02:53'),
(352, '1096', 'Roller Coaster', '2024-06-10 16:05:16', '2024-06-10 16:05:16'),
(353, '1096', 'Souper', '2024-06-10 16:05:16', '2024-06-10 16:05:16'),
(354, '1096', 'Roller Coaster', '2024-06-10 16:06:31', '2024-06-10 16:06:31'),
(355, '1096', 'Souper', '2024-06-10 16:06:31', '2024-06-10 16:06:31'),
(356, '1096', 'Roller Coaster', '2024-06-10 16:08:38', '2024-06-10 16:08:38'),
(357, '1096', 'Souper', '2024-06-10 16:08:38', '2024-06-10 16:08:38'),
(358, '1096', 'Roller Coaster', '2024-06-10 16:09:36', '2024-06-10 16:09:36'),
(359, '1096', 'Souper', '2024-06-10 16:09:36', '2024-06-10 16:09:36'),
(360, '1096', 'Roller Coaster', '2024-06-10 16:10:02', '2024-06-10 16:10:02'),
(361, '1096', 'Souper', '2024-06-10 16:10:02', '2024-06-10 16:10:02'),
(362, '1097', 'Nescafe Original Twin Pack Sugar Free', '2024-06-10 16:10:41', '2024-06-10 16:10:41'),
(363, '1098', 'Nescafe Original Twin Pack Sugar Free', '2024-06-10 16:12:44', '2024-06-10 16:12:44'),
(364, '1098', 'Nestle Koko Krunch 15g', '2024-06-10 16:12:44', '2024-06-10 16:12:44'),
(365, '1099', 'Pod\'s Pea Snack', '2024-06-10 16:13:45', '2024-06-10 16:13:45'),
(366, '1099', 'Pod\'s Pea Snack', '2024-06-10 16:14:26', '2024-06-10 16:14:26'),
(367, '1100', 'Stick-O Chocolate 200G', '2024-06-10 16:14:44', '2024-06-10 16:14:44'),
(368, '1101', 'Nestle Koko Krunch 15g', '2024-06-10 17:24:33', '2024-06-10 17:24:33'),
(369, '1101', 'Nescafe Original Twin Pack Sugar Free', '2024-06-10 17:24:33', '2024-06-10 17:24:33'),
(370, '1102', 'Roller Coaster', '2024-06-10 17:45:58', '2024-06-10 17:45:58'),
(371, '1102', 'Souper', '2024-06-10 17:45:58', '2024-06-10 17:45:58'),
(372, '1102', 'Nescafe Original Twin Pack Sugar Free', '2024-06-10 17:45:58', '2024-06-10 17:45:58'),
(373, '1102', 'Nescafe Original Twin Pack Sugar Free', '2024-06-10 17:45:58', '2024-06-10 17:45:58'),
(374, '1102', 'Piattos Cheese Flavor 125g', '2024-06-10 17:45:58', '2024-06-10 17:45:58'),
(375, '1102', 'Cheetos 75g', '2024-06-10 17:45:58', '2024-06-10 17:45:58'),
(376, '1102', 'Oishi Prawn Crackers Spicy Flavor 75g', '2024-06-10 17:45:58', '2024-06-10 17:45:58'),
(377, '1103', 'Roller Coaster', '2024-06-10 17:46:55', '2024-06-10 17:46:55'),
(378, '1103', 'Roller Coaster', '2024-06-10 17:47:06', '2024-06-10 17:47:06'),
(379, '1103', 'Roller Coaster', '2024-06-10 17:47:28', '2024-06-10 17:47:28'),
(380, '1103', 'Roller Coaster', '2024-06-10 17:47:51', '2024-06-10 17:47:51'),
(381, '1103', 'Roller Coaster', '2024-06-10 17:48:24', '2024-06-10 17:48:24'),
(382, '1103', 'Roller Coaster', '2024-06-10 17:49:00', '2024-06-10 17:49:00'),
(383, '1103', 'Roller Coaster', '2024-06-10 17:49:07', '2024-06-10 17:49:07'),
(384, '1104', 'Pod\'s Pea Snack', '2024-06-11 05:41:35', '2024-06-11 05:41:35'),
(385, '1104', 'Piattos Cheese Flavor 125g', '2024-06-11 05:41:35', '2024-06-11 05:41:35'),
(386, '1104', 'Nescafe Original Twin Pack Sugar Free', '2024-06-11 05:41:35', '2024-06-11 05:41:35'),
(387, '1105', 'Johnsons Baby Powder', '2024-06-11 06:04:18', '2024-06-11 06:04:18'),
(388, '1105', 'Johnsons Baby Powder', '2024-06-11 06:04:18', '2024-06-11 06:04:18'),
(389, '1105', 'Johnsons Baby Powder', '2024-06-11 06:04:18', '2024-06-11 06:04:18'),
(390, '1105', 'Johnsons Baby Powder', '2024-06-11 06:04:18', '2024-06-11 06:04:18'),
(391, '1105', 'Johnsons Baby Powder', '2024-06-11 06:04:18', '2024-06-11 06:04:18'),
(392, '1105', 'Johnsons Baby Powder', '2024-06-11 06:04:18', '2024-06-11 06:04:18'),
(393, '1106', 'Pod\'s Pea Snack', '2024-06-11 06:06:31', '2024-06-11 06:06:31'),
(394, '1106', 'Nescafe Original Twin Pack Sugar Free', '2024-06-11 06:06:31', '2024-06-11 06:06:31'),
(395, '1106', 'Johnsons Baby Powder', '2024-06-11 06:06:31', '2024-06-11 06:06:31'),
(396, '1107', 'Johnsons Baby Powder', '2024-06-11 06:07:17', '2024-06-11 06:07:17'),
(397, '1108', 'Roller Coaster', '2025-01-17 06:23:34', '2025-01-17 06:23:34'),
(398, '1108', 'Roller Coaster', '2025-01-17 06:23:34', '2025-01-17 06:23:34'),
(399, '1108', 'Roller Coaster', '2025-01-17 06:23:34', '2025-01-17 06:23:34'),
(400, '1108', 'Roller Coaster', '2025-01-17 06:23:34', '2025-01-17 06:23:34'),
(401, '1108', 'Roller Coaster', '2025-01-17 06:23:34', '2025-01-17 06:23:34'),
(402, '1108', 'Roller Coaster', '2025-01-17 06:23:34', '2025-01-17 06:23:34'),
(403, '1108', 'Roller Coaster', '2025-01-17 06:23:34', '2025-01-17 06:23:34'),
(404, '1108', 'Roller Coaster', '2025-01-17 06:23:34', '2025-01-17 06:23:34'),
(405, '1108', 'Roller Coaster', '2025-01-17 06:23:34', '2025-01-17 06:23:34'),
(406, '1108', 'Nescafe Original Twin Pack Sugar Free', '2025-01-17 09:24:06', '2025-01-17 09:24:06'),
(407, '1108', 'Nestle Koko Krunch 15g', '2025-01-17 09:24:06', '2025-01-17 09:24:06'),
(408, '1108', 'Nutella', '2025-01-17 09:24:06', '2025-01-17 09:24:06'),
(409, '1108', 'Sopas Powder', '2025-01-17 09:24:06', '2025-01-17 09:24:06'),
(410, '1108', 'Roller Coaster', '2025-01-17 09:24:53', '2025-01-17 09:24:53'),
(411, '1108', 'Roller Coaster', '2025-01-17 09:25:13', '2025-01-17 09:25:13'),
(412, '1108', 'Roller Coaster', '2025-01-17 09:25:34', '2025-01-17 09:25:34'),
(413, '1109', 'Magic Sarap + Buy 1 Pack get Spoon test', '2025-03-05 09:04:19', '2025-03-05 09:04:19'),
(414, '1109', 'Sopas Powder Yummy', '2025-03-05 09:04:19', '2025-03-05 09:04:19'),
(415, '1109', 'Souper', '2025-03-05 09:04:56', '2025-03-05 09:04:56'),
(416, '1109', 'Magic Sarap + Buy 1 Pack get Spoon test', '2025-03-05 09:04:56', '2025-03-05 09:04:56'),
(417, '1109', 'Magic Sarap + Buy 1 Pack get Spoon test', '2025-03-05 09:05:23', '2025-03-05 09:05:23'),
(418, '1109', 'Pilllows Ube 100g', '2025-03-05 09:07:12', '2025-03-05 09:07:12'),
(419, '1109', 'M.Y. San Honey Graham Crackers', '2025-03-05 09:07:19', '2025-03-05 09:07:19'),
(420, '1109', 'Magic Sarap', '2025-03-05 09:07:54', '2025-03-05 09:07:54'),
(421, '1109', 'Magic Sarap', '2025-03-05 09:08:33', '2025-03-05 09:08:33'),
(422, '1109', 'Magic Sarap', '2025-03-05 09:09:59', '2025-03-05 09:09:59'),
(423, '1109', 'Magic Sarap + Buy 1 Pack get Spoon test', '2025-03-05 09:10:20', '2025-03-05 09:10:20'),
(424, '1109', 'Magic Sarap + Buy 1 Pack get Spoon test', '2025-03-05 09:10:28', '2025-03-05 09:10:28'),
(425, '1109', 'Magic Sarap + Buy 1 Pack get Spoon test', '2025-03-05 09:10:34', '2025-03-05 09:10:34'),
(426, '1109', 'Magic Sarap + Buy 1 Pack get Spoon test', '2025-03-05 09:11:19', '2025-03-05 09:11:19'),
(427, '1109', 'Magic Sarap + Buy 1 Pack get Spoon test', '2025-03-05 09:11:44', '2025-03-05 09:11:44'),
(428, '1109', 'Magic Sarap + Buy 1 Pack get Spoon test', '2025-03-05 09:11:57', '2025-03-05 09:11:57'),
(429, '1109', 'M.Y. San Honey Graham Crackers', '2025-03-05 09:11:57', '2025-03-05 09:11:57'),
(430, '1109', 'M.Y. San Honey Graham Crackers', '2025-03-05 09:12:35', '2025-03-05 09:12:35'),
(431, '1109', 'M.Y. San Honey Graham Crackers', '2025-03-05 09:12:46', '2025-03-05 09:12:46'),
(432, '1109', 'M.Y. San Honey Graham Crackers', '2025-03-05 09:13:57', '2025-03-05 09:13:57'),
(433, '1109', 'M.Y. San Honey Graham Crackers', '2025-03-05 09:13:59', '2025-03-05 09:13:59'),
(434, '1109', 'M.Y. San Honey Graham Crackers', '2025-03-05 09:14:05', '2025-03-05 09:14:05'),
(435, '1109', 'M.Y. San Honey Graham Crackers', '2025-03-05 09:14:06', '2025-03-05 09:14:06'),
(436, '1109', 'M.Y. San Honey Graham Crackers', '2025-03-05 09:14:11', '2025-03-05 09:14:11'),
(437, '1109', 'M.Y. San Honey Graham Crackers', '2025-03-05 09:14:13', '2025-03-05 09:14:13'),
(438, '1109', 'M.Y. San Honey Graham Crackers', '2025-03-05 09:14:16', '2025-03-05 09:14:16'),
(439, '1109', 'M.Y. San Honey Graham Crackers', '2025-03-05 09:14:18', '2025-03-05 09:14:18'),
(440, '1109', 'M.Y. San Honey Graham Crackers', '2025-03-05 09:14:19', '2025-03-05 09:14:19'),
(441, '1109', 'M.Y. San Honey Graham Crackers', '2025-03-05 09:14:20', '2025-03-05 09:14:20'),
(442, '1109', 'M.Y. San Honey Graham Crackers', '2025-03-05 09:14:21', '2025-03-05 09:14:21'),
(443, '1109', 'M.Y. San Honey Graham Crackers', '2025-03-05 09:14:24', '2025-03-05 09:14:24'),
(444, '1109', 'M.Y. San Honey Graham Crackers', '2025-03-05 09:15:24', '2025-03-05 09:15:24'),
(445, '1109', 'M.Y. San Honey Graham Crackers', '2025-03-05 09:15:36', '2025-03-05 09:15:36'),
(446, '1109', 'M.Y. San Honey Graham Crackers', '2025-03-05 09:15:47', '2025-03-05 09:15:47'),
(447, '1109', 'M.Y. San Honey Graham Crackers', '2025-03-05 09:16:15', '2025-03-05 09:16:15'),
(448, '1109', 'M.Y. San Honey Graham Crackers', '2025-03-05 09:16:17', '2025-03-05 09:16:17'),
(449, '1109', 'M.Y. San Honey Graham Crackers', '2025-03-05 09:16:18', '2025-03-05 09:16:18'),
(450, '1109', 'M.Y. San Honey Graham Crackers', '2025-03-05 09:16:21', '2025-03-05 09:16:21'),
(451, '1109', 'M.Y. San Honey Graham Crackers', '2025-03-05 09:16:22', '2025-03-05 09:16:22'),
(452, '1109', 'M.Y. San Honey Graham Crackers', '2025-03-05 09:16:23', '2025-03-05 09:16:23'),
(453, '1109', 'M.Y. San Honey Graham Crackers', '2025-03-05 09:16:24', '2025-03-05 09:16:24'),
(454, '1109', 'M.Y. San Honey Graham Crackers', '2025-03-05 09:16:38', '2025-03-05 09:16:38'),
(455, '1109', 'M.Y. San Honey Graham Crackers', '2025-03-05 09:16:44', '2025-03-05 09:16:44'),
(456, '1109', 'M.Y. San Honey Graham Crackers', '2025-03-05 09:16:47', '2025-03-05 09:16:47'),
(457, '1109', 'M.Y. San Honey Graham Crackers', '2025-03-05 09:16:50', '2025-03-05 09:16:50'),
(458, '1109', 'M.Y. San Honey Graham Crackers', '2025-03-05 09:16:52', '2025-03-05 09:16:52'),
(459, '1109', 'M.Y. San Honey Graham Crackers', '2025-03-05 09:17:20', '2025-03-05 09:17:20'),
(460, '1109', 'Souper', '2025-03-05 09:19:02', '2025-03-05 09:19:02'),
(461, '1109', 'Souper', '2025-03-05 09:19:05', '2025-03-05 09:19:05'),
(462, '1109', 'Souper', '2025-03-05 09:19:06', '2025-03-05 09:19:06'),
(463, '1109', 'Souper', '2025-03-05 09:19:09', '2025-03-05 09:19:09'),
(464, '1109', 'Souper', '2025-03-05 09:19:11', '2025-03-05 09:19:11'),
(465, '1109', 'Pilllows Ube 100g', '2025-03-05 09:21:21', '2025-03-05 09:21:21'),
(466, '1109', 'Sopas Powder Yummy', '2025-03-05 09:22:13', '2025-03-05 09:22:13'),
(467, '1109', 'Sopas Powder Yummy', '2025-03-05 09:24:51', '2025-03-05 09:24:51'),
(468, '1110', 'Pilllows Ube 100g', '2025-03-05 09:26:16', '2025-03-05 09:26:16'),
(469, '1111', 'Magic Sarap + Buy 1 Pack get Spoon test', '2025-03-05 09:26:34', '2025-03-05 09:26:34'),
(470, '1111', 'Oishi Crispy Patata Baked Potato Flavor 24g', '2025-03-05 09:26:50', '2025-03-05 09:26:50'),
(471, '1111', 'M.Y. San Honey Graham Crackers', '2025-03-05 09:27:10', '2025-03-05 09:27:10'),
(472, '1111', 'M.Y. San Honey Graham Crackers', '2025-03-05 09:27:13', '2025-03-05 09:27:13'),
(473, '1111', 'M.Y. San Honey Graham Crackers', '2025-03-05 09:27:16', '2025-03-05 09:27:16'),
(474, '1111', 'Johnsons Baby Powder', '2025-03-05 09:28:15', '2025-03-05 09:28:15'),
(475, '1111', 'Johnsons Baby Powder', '2025-03-05 09:28:24', '2025-03-05 09:28:24'),
(476, '1111', 'M.Y. San Honey Graham Crackers', '2025-03-05 09:29:00', '2025-03-05 09:29:00'),
(477, '1111', 'Nutella', '2025-03-05 09:29:00', '2025-03-05 09:29:00'),
(478, '1111', 'Nestle Koko Krunch 15g', '2025-03-05 09:29:00', '2025-03-05 09:29:00'),
(479, '1111', 'M.Y. San Honey Graham Crackers', '2025-03-05 09:29:12', '2025-03-05 09:29:12'),
(480, '1111', 'Nutella', '2025-03-05 09:29:12', '2025-03-05 09:29:12'),
(481, '1111', 'Nestle Koko Krunch 15g', '2025-03-05 09:29:12', '2025-03-05 09:29:12'),
(482, '1111', 'M.Y. San Honey Graham Crackers', '2025-03-05 09:30:15', '2025-03-05 09:30:15'),
(483, '1111', 'Nutella', '2025-03-05 09:30:15', '2025-03-05 09:30:15'),
(484, '1111', 'Nestle Koko Krunch 15g', '2025-03-05 09:30:15', '2025-03-05 09:30:15'),
(485, '1111', 'Magic Sarap + Buy 1 Pack get Spoon test', '2025-03-05 09:30:22', '2025-03-05 09:30:22'),
(486, '1111', 'Magic Sarap + Buy 1 Pack get Spoon test', '2025-03-05 09:30:27', '2025-03-05 09:30:27'),
(487, '1111', 'Magic Sarap + Buy 1 Pack get Spoon test', '2025-03-05 09:31:08', '2025-03-05 09:31:08'),
(488, '1111', 'Magic Sarap + Buy 1 Pack get Spoon test', '2025-03-05 09:32:18', '2025-03-05 09:32:18'),
(489, '1111', 'Magic Sarap + Buy 1 Pack get Spoon test', '2025-03-05 09:33:45', '2025-03-05 09:33:45'),
(490, '1111', 'Magic Sarap + Buy 1 Pack get Spoon test', '2025-03-05 09:33:52', '2025-03-05 09:33:52'),
(491, '1112', 'Pillows Chocolate 100g', '2025-03-05 09:34:24', '2025-03-05 09:34:24'),
(492, '1113', 'Magic Sarap + Buy 1 Pack get Spoon test', '2025-03-05 09:34:32', '2025-03-05 09:34:32'),
(493, '1113', 'Magic Sarap + Buy 1 Pack get Spoon test', '2025-03-05 09:35:46', '2025-03-05 09:35:46'),
(494, '1113', 'Magic Sarap + Buy 1 Pack get Spoon test', '2025-03-05 09:35:53', '2025-03-05 09:35:53'),
(495, '1113', 'Magic Sarap + Buy 1 Pack get Spoon test', '2025-03-05 09:35:59', '2025-03-05 09:35:59'),
(496, '1113', 'Magic Sarap + Buy 1 Pack get Spoon test', '2025-03-05 09:36:07', '2025-03-05 09:36:07'),
(497, '1113', 'Magic Sarap + Buy 1 Pack get Spoon test', '2025-03-05 09:36:09', '2025-03-05 09:36:09'),
(498, '1113', 'Magic Sarap + Buy 1 Pack get Spoon test', '2025-03-05 09:36:12', '2025-03-05 09:36:12'),
(499, '1114', 'Nomu-nomu Lychee', '2025-03-05 09:37:00', '2025-03-05 09:37:00'),
(500, '1115', 'Nomu-nomu Lychee', '2025-03-05 09:37:40', '2025-03-05 09:37:40'),
(501, '1116', 'Pilllows Ube 100g', '2025-03-05 09:38:03', '2025-03-05 09:38:03'),
(502, '1116', 'Pilllows Ube 100g', '2025-03-05 09:38:58', '2025-03-05 09:38:58'),
(503, '1117', 'Pilllows Ube 100g', '2025-03-05 09:39:20', '2025-03-05 09:39:20'),
(504, '1117', 'Pilllows Ube 100g', '2025-03-05 09:39:20', '2025-03-05 09:39:20'),
(505, '1117', 'Souper', '2025-03-05 09:39:20', '2025-03-05 09:39:20'),
(506, '1117', 'Souper', '2025-03-05 09:39:20', '2025-03-05 09:39:20'),
(507, '1118', 'Nomu-nomu Lychee', '2025-03-05 09:41:29', '2025-03-05 09:41:29'),
(508, '1119', 'Rice per pack', '2025-03-05 09:42:00', '2025-03-05 09:42:00'),
(509, '1120', 'Nomu-nomu Lychee', '2025-03-05 09:44:46', '2025-03-05 09:44:46'),
(510, '1120', 'Nomu-nomu Lychee', '2025-03-05 09:44:48', '2025-03-05 09:44:48'),
(511, '1120', 'Nomu-nomu Lychee', '2025-03-05 09:44:58', '2025-03-05 09:44:58'),
(512, '1120', 'Nomu-nomu Lychee', '2025-03-05 09:45:38', '2025-03-05 09:45:38'),
(513, '1120', 'Magic Sarap + Buy 1 Pack get Spoon test', '2025-03-05 09:45:47', '2025-03-05 09:45:47'),
(514, '1120', 'Magic Sarap', '2025-03-05 09:47:11', '2025-03-05 09:47:11'),
(515, '1120', 'Magic Sarap+Buy 1 Pack get Spoon test', '2025-03-05 09:49:06', '2025-03-05 09:49:06'),
(516, '1120', 'Magic Sarap+Buy 1 Pack get Spoon test', '2025-03-05 09:49:15', '2025-03-05 09:49:15'),
(517, '1120', 'Magic Sarap', '2025-03-05 09:49:31', '2025-03-05 09:49:31'),
(518, '1120', 'Magic Sarap', '2025-03-05 09:49:37', '2025-03-05 09:49:37'),
(519, '1120', 'Magic Sarap', '2025-03-05 09:49:41', '2025-03-05 09:49:41'),
(520, '1120', 'Magic Sarap', '2025-03-05 09:49:45', '2025-03-05 09:49:45'),
(521, '1120', 'Magic Sarap', '2025-03-05 09:49:51', '2025-03-05 09:49:51'),
(522, '1120', 'Nomu-nomu Lychee', '2025-03-05 09:51:40', '2025-03-05 09:51:40'),
(523, '1120', 'Nomu-nomu Lychee', '2025-03-05 09:52:12', '2025-03-05 09:52:12'),
(524, '1121', 'Nomu-nomu Lychee', '2025-03-05 09:52:17', '2025-03-05 09:52:17'),
(525, '1120', 'Nutella', '2025-03-05 09:52:25', '2025-03-05 09:52:25'),
(526, '1120', 'M.Y. San Honey Graham Crackers', '2025-03-05 09:52:40', '2025-03-05 09:52:40'),
(527, '1120', 'Nomu-nomu Lychee', '2025-03-05 09:54:24', '2025-03-05 09:54:24'),
(528, '1120', 'Nutella', '2025-03-05 09:54:33', '2025-03-05 09:54:33'),
(529, '1121', 'Nutella', '2025-03-05 09:54:36', '2025-03-05 09:54:36'),
(530, '1122', 'Magic Sarap', '2025-03-05 09:54:57', '2025-03-05 09:54:57'),
(531, '1123', 'Magic Sarap', '2025-03-05 09:56:10', '2025-03-05 09:56:10'),
(532, '1123', 'Magic Sarap', '2025-03-05 09:56:40', '2025-03-05 09:56:40'),
(533, '1123', 'Magic Sarap', '2025-03-05 09:57:00', '2025-03-05 09:57:00'),
(534, '1124', 'Nomu-nomu Lychee', '2025-03-05 09:57:22', '2025-03-05 09:57:22'),
(535, '1125', 'Nomu-nomu Lychee', '2025-03-05 09:57:38', '2025-03-05 09:57:38'),
(536, '1125', 'Nomu-nomu Lychee', '2025-03-05 09:58:28', '2025-03-05 09:58:28'),
(537, '1126', 'Nomu-nomu Lychee', '2025-03-05 09:59:28', '2025-03-05 09:59:28'),
(538, '1127', 'Nomu-nomu Lychee', '2025-03-05 10:00:38', '2025-03-05 10:00:38'),
(539, '1128', 'Magic Sarap', '2025-03-05 10:02:44', '2025-03-05 10:02:44'),
(540, '1128', 'Magic Sarap', '2025-03-05 10:03:09', '2025-03-05 10:03:09'),
(541, '1129', 'Magic Sarap + Buy 1 Pack get Spoon test', '2025-03-05 10:05:25', '2025-03-05 10:05:25'),
(542, '1129', 'Magic Sarap + Buy 1 Pack get Spoon test', '2025-03-05 10:06:23', '2025-03-05 10:06:23'),
(543, '1129', 'Magic Sarap + Buy 1 Pack get Spoon test', '2025-03-05 10:06:31', '2025-03-05 10:06:31'),
(544, '1129', 'Nomu-nomu Lychee', '2025-03-05 10:07:34', '2025-03-05 10:07:34'),
(545, '1129', 'Magic Sarap + Buy 1 Pack get Spoon test', '2025-03-05 10:07:38', '2025-03-05 10:07:38'),
(546, '1129', 'Magic Sarap', '2025-03-05 10:07:48', '2025-03-05 10:07:48'),
(547, '1129', 'M.Y. San Honey Graham Crackers', '2025-03-05 10:10:41', '2025-03-05 10:10:41'),
(548, '1129', 'Magic Sarap', '2025-03-05 10:10:41', '2025-03-05 10:10:41'),
(549, '1129', 'Magic Sarap', '2025-03-05 10:11:30', '2025-03-05 10:11:30'),
(550, '1130', 'Magic Sarap', '2025-03-05 10:11:36', '2025-03-05 10:11:36'),
(551, '1131', 'Magic Sarap', '2025-03-05 10:12:22', '2025-03-05 10:12:22'),
(552, '1132', 'Nomu-nomu Lychee', '2025-03-05 10:16:11', '2025-03-05 10:16:11'),
(553, '1132', 'Magic Sarap', '2025-03-05 10:16:16', '2025-03-05 10:16:16'),
(554, '1132', 'Magic Sarap', '2025-03-05 10:16:26', '2025-03-05 10:16:26'),
(555, '1132', 'Nutella Choco', '2025-03-05 10:17:09', '2025-03-05 10:17:09'),
(556, '1132', 'Nutella Choco', '2025-03-05 10:17:20', '2025-03-05 10:17:20'),
(557, '1132', 'Nutella Choco', '2025-03-05 10:18:03', '2025-03-05 10:18:03'),
(558, '1132', 'Nutella Choco', '2025-03-05 10:18:05', '2025-03-05 10:18:05'),
(559, '1132', 'Nutella Choco', '2025-03-05 10:18:23', '2025-03-05 10:18:23'),
(560, '1132', 'Nutella Choco', '2025-03-05 10:19:21', '2025-03-05 10:19:21'),
(561, '1132', 'Nutella Choco', '2025-03-05 10:19:22', '2025-03-05 10:19:22'),
(562, '1132', 'Nutella Choco', '2025-03-05 10:19:41', '2025-03-05 10:19:41'),
(563, '1134', 'Nomu-nomu Lychee', '2025-03-05 10:24:36', '2025-03-05 10:24:36'),
(564, '1134', 'Nomu-nomu Lychee', '2025-03-05 10:24:52', '2025-03-05 10:24:52'),
(565, '1134', 'Nomu-nomu Lychee', '2025-03-05 10:25:16', '2025-03-05 10:25:16'),
(566, '1134', 'Nomu-nomu Lychee', '2025-03-05 10:25:42', '2025-03-05 10:25:42'),
(567, '1135', 'Nomu-nomu Lychee', '2025-03-05 10:26:46', '2025-03-05 10:26:46'),
(568, '1135', 'Nomu-nomu Lychee', '2025-03-05 10:28:06', '2025-03-05 10:28:06'),
(569, '1135', 'Nomu-nomu Lychee', '2025-03-05 10:28:21', '2025-03-05 10:28:21'),
(570, '1136', 'Nomu-nomu Lychee', '2025-03-05 10:47:37', '2025-03-05 10:47:37'),
(571, '1136', 'Nomu-nomu Lychee', '2025-03-05 10:48:04', '2025-03-05 10:48:04'),
(572, '1136', 'Nomu-nomu Lychee', '2025-03-05 10:48:19', '2025-03-05 10:48:19'),
(573, '1137', 'Pilllows Ube 100g', '2025-03-05 10:49:19', '2025-03-05 10:49:19'),
(574, '1137', 'Nestle Koko Krunch 15g', '2025-03-30 02:13:40', '2025-03-30 02:13:40'),
(575, '1137', 'Nestle Koko Krunch 15g', '2025-03-30 02:16:28', '2025-03-30 02:16:28'),
(576, '1137', 'Nestle Koko Krunch 15g', '2025-03-30 02:16:29', '2025-03-30 02:16:29'),
(577, '1137', 'Nestle Koko Krunch 15g', '2025-03-30 02:20:15', '2025-03-30 02:20:15'),
(578, '1137', 'Nestle Koko Krunch 15g', '2025-03-30 02:20:31', '2025-03-30 02:20:31'),
(579, '1137', 'Nestle Koko Krunch 15g', '2025-03-30 02:20:56', '2025-03-30 02:20:56'),
(580, '1137', 'Nestle Koko Krunch 15g', '2025-03-30 02:21:35', '2025-03-30 02:21:35'),
(581, '1137', 'Nestle Koko Krunch 15g', '2025-03-30 02:22:41', '2025-03-30 02:22:41'),
(582, '1137', 'Nestle Koko Krunch 15g', '2025-03-30 02:22:53', '2025-03-30 02:22:53'),
(583, '1137', 'Nestle Koko Krunch 15g', '2025-03-30 02:26:13', '2025-03-30 02:26:13'),
(584, '1137', 'Nestle Koko Krunch 15g', '2025-03-30 02:26:22', '2025-03-30 02:26:22'),
(585, '1137', 'Nestle Koko Krunch 15g', '2025-03-30 02:26:27', '2025-03-30 02:26:27'),
(586, '1137', 'Nestle Koko Krunch 15g', '2025-03-30 02:26:29', '2025-03-30 02:26:29'),
(587, '1137', 'Nestle Koko Krunch 15g', '2025-03-30 02:26:30', '2025-03-30 02:26:30'),
(588, '1137', 'Nestle Koko Krunch 15g', '2025-03-30 02:26:30', '2025-03-30 02:26:30'),
(589, '1137', 'Nestle Koko Krunch 15g', '2025-03-30 02:26:31', '2025-03-30 02:26:31'),
(590, '1137', 'Nestle Koko Krunch 15g', '2025-03-30 02:26:32', '2025-03-30 02:26:32'),
(591, '1137', 'Nestle Koko Krunch 15g', '2025-03-30 02:26:39', '2025-03-30 02:26:39'),
(592, '1137', 'Nestle Koko Krunch 15g', '2025-03-30 02:26:42', '2025-03-30 02:26:42'),
(593, '1137', 'Nestle Koko Krunch 15g', '2025-03-30 02:27:15', '2025-03-30 02:27:15'),
(594, '1138', 'Nutella', '2025-03-30 02:27:58', '2025-03-30 02:27:58'),
(595, '1139', 'Cheetos 75g', '2025-03-30 03:37:51', '2025-03-30 03:37:51'),
(596, '1139', 'Cheetos 75g', '2025-03-30 03:39:15', '2025-03-30 03:39:15'),
(597, '1139', 'Cheetos 75g', '2025-03-30 03:41:13', '2025-03-30 03:41:13'),
(598, '1139', 'Nutella', '2025-03-30 03:52:49', '2025-03-30 03:52:49'),
(599, '1140', 'Roller Coaster', '2025-03-30 03:54:07', '2025-03-30 03:54:07'),
(600, '1141', 'Nescafe Original Twin Pack Sugar Free', '2025-03-30 03:54:22', '2025-03-30 03:54:22'),
(601, '1141', 'Roller Coaster', '2025-03-30 03:54:22', '2025-03-30 03:54:22'),
(602, '1141', 'Johnsons Baby Powder', '2025-03-30 03:54:22', '2025-03-30 03:54:22'),
(603, '1141', 'Sopas Powder', '2025-03-30 03:54:22', '2025-03-30 03:54:22'),
(604, '1142', 'Roller Coaster', '2025-03-30 03:58:55', '2025-03-30 03:58:55'),
(605, '1143', 'Nescafe Original Twin Pack Sugar Free', '2025-03-30 04:22:49', '2025-03-30 04:22:49'),
(606, '1145', 'Nomu-nomu Lychee', '2025-03-30 05:38:45', '2025-03-30 05:38:45'),
(607, '1146', 'Nestle Koko Krunch 15g', '2025-03-30 05:40:04', '2025-03-30 05:40:04'),
(608, '1146', 'Nutella', '2025-03-30 05:40:04', '2025-03-30 05:40:04'),
(609, '1147', 'Nestle Koko Krunch 15g', '2025-03-30 12:08:16', '2025-03-30 12:08:16'),
(610, '1148', 'Johnsons Baby Powder', '2025-03-30 12:09:49', '2025-03-30 12:09:49'),
(611, '1149', 'Cheetos 75g', '2025-03-30 12:27:51', '2025-03-30 12:27:51'),
(612, '1150', 'Nescafe Original Twin Pack Sugar Free', '2025-03-30 12:32:30', '2025-03-30 12:32:30'),
(613, '1150', 'Roller Coaster', '2025-03-30 12:32:30', '2025-03-30 12:32:30'),
(614, '1151', 'Nutella', '2025-03-30 12:33:38', '2025-03-30 12:33:38');

-- --------------------------------------------------------

--
-- Table structure for table `password_reset_tokens`
--

CREATE TABLE `password_reset_tokens` (
  `email` varchar(255) CHARACTER SET utf8mb4 COLLATE utf8mb4_unicode_ci NOT NULL,
  `token` varchar(255) CHARACTER SET utf8mb4 COLLATE utf8mb4_unicode_ci NOT NULL,
  `created_at` timestamp NULL DEFAULT NULL
) ENGINE=InnoDB DEFAULT CHARSET=utf8mb4 COLLATE=utf8mb4_unicode_ci;

-- --------------------------------------------------------

--
-- Table structure for table `pending_accounts`
--

CREATE TABLE `pending_accounts` (
  `id` bigint UNSIGNED NOT NULL,
  `name` varchar(255) CHARACTER SET utf8mb4 COLLATE utf8mb4_unicode_ci NOT NULL,
  `password` varchar(255) CHARACTER SET utf8mb4 COLLATE utf8mb4_unicode_ci NOT NULL,
  `created_at` timestamp NULL DEFAULT NULL,
  `updated_at` timestamp NULL DEFAULT NULL
) ENGINE=InnoDB DEFAULT CHARSET=utf8mb4 COLLATE=utf8mb4_unicode_ci;

-- --------------------------------------------------------

--
-- Table structure for table `pending_items`
--

CREATE TABLE `pending_items` (
  `id` bigint UNSIGNED NOT NULL,
  `item` varchar(255) CHARACTER SET utf8mb4 COLLATE utf8mb4_unicode_ci NOT NULL,
  `category` varchar(255) CHARACTER SET utf8mb4 COLLATE utf8mb4_unicode_ci NOT NULL,
  `supplier` varchar(255) CHARACTER SET utf8mb4 COLLATE utf8mb4_unicode_ci NOT NULL,
  `product_unit` varchar(255) CHARACTER SET utf8mb4 COLLATE utf8mb4_unicode_ci NOT NULL,
  `color` varchar(255) CHARACTER SET utf8mb4 COLLATE utf8mb4_unicode_ci NOT NULL,
  `size` varchar(255) CHARACTER SET utf8mb4 COLLATE utf8mb4_unicode_ci NOT NULL,
  `barcode` varchar(255) CHARACTER SET utf8mb4 COLLATE utf8mb4_unicode_ci NOT NULL,
  `quantity` varchar(255) CHARACTER SET utf8mb4 COLLATE utf8mb4_unicode_ci NOT NULL,
  `cost` double NOT NULL,
  `retail` double NOT NULL,
  `created_at` timestamp NULL DEFAULT NULL,
  `updated_at` timestamp NULL DEFAULT NULL
) ENGINE=InnoDB DEFAULT CHARSET=utf8mb4 COLLATE=utf8mb4_unicode_ci;

-- --------------------------------------------------------

--
-- Table structure for table `sessions`
--

CREATE TABLE `sessions` (
  `id` varchar(255) CHARACTER SET utf8mb4 COLLATE utf8mb4_unicode_ci NOT NULL,
  `user_id` bigint UNSIGNED DEFAULT NULL,
  `ip_address` varchar(45) CHARACTER SET utf8mb4 COLLATE utf8mb4_unicode_ci DEFAULT NULL,
  `user_agent` text CHARACTER SET utf8mb4 COLLATE utf8mb4_unicode_ci,
  `payload` longtext CHARACTER SET utf8mb4 COLLATE utf8mb4_unicode_ci NOT NULL,
  `last_activity` int NOT NULL
) ENGINE=InnoDB DEFAULT CHARSET=utf8mb4 COLLATE=utf8mb4_unicode_ci;

--
-- Dumping data for table `sessions`
--

INSERT INTO `sessions` (`id`, `user_id`, `ip_address`, `user_agent`, `payload`, `last_activity`) VALUES
('sbY1XX5yo3y8NQCM0ftBmKKkqg2GP7SqsHsPcPjs', 19, '127.0.0.1', 'Mozilla/5.0 (Windows NT 10.0; Win64; x64) AppleWebKit/537.36 (KHTML, like Gecko) Chrome/134.0.0.0 Safari/537.36', 'YTo4OntzOjY6Il90b2tlbiI7czo0MDoiZzFaOFhHRXF0T2UzQ2NhNmdPc1c5dlBjdHp4Y1hySmtzUnBIbEhEbSI7czo5OiJfcHJldmlvdXMiO2E6MTp7czozOiJ1cmwiO3M6NDI6Imh0dHA6Ly8xMjcuMC4wLjE6ODAwMC9iYWNrLW9mZmljZS9vcmRlcmluZyI7fXM6NjoiX2ZsYXNoIjthOjI6e3M6Mzoib2xkIjthOjA6e31zOjM6Im5ldyI7YTowOnt9fXM6NTI6ImxvZ2luX2FkbWluXzU5YmEzNmFkZGMyYjJmOTQwMTU4MGYwMTRjN2Y1OGVhNGUzMDk4OWQiO2k6MTtzOjEwOiJhZG1pbl9uYW1lIjtzOjU6IkFkbWluIjtzOjUwOiJsb2dpbl93ZWJfNTliYTM2YWRkYzJiMmY5NDAxNTgwZjAxNGM3ZjU4ZWE0ZTMwOTg5ZCI7aToxOTtzOjEyOiJjYXNoaWVyX25hbWUiO3M6NzoidGVzdGRldiI7czoxMDoicG9zX251bWJlciI7czo0OiJwb3MxIjt9', 1743307256);

-- --------------------------------------------------------

--
-- Table structure for table `stocks`
--

CREATE TABLE `stocks` (
  `id` bigint UNSIGNED NOT NULL,
  `item` varchar(255) CHARACTER SET utf8mb4 COLLATE utf8mb4_unicode_ci NOT NULL,
  `category` varchar(255) CHARACTER SET utf8mb4 COLLATE utf8mb4_unicode_ci NOT NULL,
  `supplier` varchar(256) CHARACTER SET utf8mb4 COLLATE utf8mb4_unicode_ci DEFAULT NULL,
  `product_unit` varchar(256) CHARACTER SET utf8mb4 COLLATE utf8mb4_unicode_ci NOT NULL,
  `color` varchar(256) CHARACTER SET utf8mb4 COLLATE utf8mb4_unicode_ci NOT NULL,
  `size` varchar(256) CHARACTER SET utf8mb4 COLLATE utf8mb4_unicode_ci NOT NULL,
  `barcode` varchar(256) CHARACTER SET utf8mb4 COLLATE utf8mb4_unicode_ci NOT NULL,
  `description` longtext CHARACTER SET utf8mb4 COLLATE utf8mb4_unicode_ci,
  `sku` varchar(255) CHARACTER SET utf8mb4 COLLATE utf8mb4_unicode_ci DEFAULT NULL,
  `qr` varchar(255) CHARACTER SET utf8mb4 COLLATE utf8mb4_unicode_ci DEFAULT NULL,
  `quantity` varchar(255) CHARACTER SET utf8mb4 COLLATE utf8mb4_unicode_ci NOT NULL,
  `cost` varchar(255) CHARACTER SET utf8mb4 COLLATE utf8mb4_unicode_ci NOT NULL,
  `retail` varchar(255) CHARACTER SET utf8mb4 COLLATE utf8mb4_unicode_ci NOT NULL,
  `image` varchar(256) CHARACTER SET utf8mb4 COLLATE utf8mb4_unicode_ci DEFAULT NULL,
  `update_reason` varchar(255) CHARACTER SET utf8mb4 COLLATE utf8mb4_unicode_ci DEFAULT NULL,
  `created_at` timestamp NULL DEFAULT NULL,
  `updated_at` timestamp NULL DEFAULT NULL,
  `expiration_date` date DEFAULT NULL,
  `item_promo` varchar(255) CHARACTER SET utf8mb4 COLLATE utf8mb4_unicode_ci DEFAULT NULL
) ENGINE=InnoDB DEFAULT CHARSET=utf8mb4 COLLATE=utf8mb4_unicode_ci;

--
-- Dumping data for table `stocks`
--

INSERT INTO `stocks` (`id`, `item`, `category`, `supplier`, `product_unit`, `color`, `size`, `barcode`, `description`, `sku`, `qr`, `quantity`, `cost`, `retail`, `image`, `update_reason`, `created_at`, `updated_at`, `expiration_date`, `item_promo`) VALUES
(2, 'Nomu-nomu Lychee', 'Groceries', 'Test Supplier', 'pc', 'white', '', '123123', 'Test', 'NMNM-001', 'Nomu-nomu Lychee', '100', '40', '45', '', 'no stocks', '2024-05-22 09:13:59', '2025-03-30 12:45:46', NULL, NULL),
(3, 'Rice per pack', 'Dry Goods', 'Test Supplier', 'pc', '', '', '4563412`3', 'Test', 'RICE-001', 'Rice (1 pack)', '66', '40', '51', '', NULL, '2024-05-22 09:14:49', '2025-03-05 09:42:04', NULL, NULL),
(4, 'Pod\'s Pea Snack', 'Groceries', 'Test Supplier', 'pc', '', '', '562345', 'Pod\'s Pea Snack yummy', 'PODS-001', 'Pod\'s Pea Snack', '43', '19', '24', '', 'New stocks', '2024-05-22 09:15:19', '2025-01-17 08:28:17', NULL, NULL),
(5, 'Sopas', 'Meals', 'Test Supplier', 'pc', '', '', '376123', 'Sopas good for health hello', 'SOPAS', 'Sopas', '81', '19', '24', 'Sopas.jpg', NULL, '2024-05-22 09:15:40', '2025-01-18 05:26:39', NULL, NULL),
(6, 'Pillows Chocolate 100g', 'Groceries', 'MSCS PrimeGoods, Inc.', 'pc', 'Yellow', '', '345712', 'Pillows Filling Chocolate Flavor 100g scrispy, delicious nack that stimulates the taste buds immensely. Oishi attractive package, suitable for watching movies, listening to music and enjoying. Snack Oishi is convenient, compact, easy to carry for outdoor activities.', 'PLLWSCHOC100G-01', 'Pillows Chocolate 100g', '93', '20', '24', NULL, 'Expired', '2024-05-22 09:16:08', '2025-03-05 09:34:29', NULL, NULL),
(7, 'Pilllows Ube 100g', 'Groceries', 'MSCS PrimeGoods, Inc.', 'pc', '', '', '45612', 'This is the best pillows ube in the market', 'PLLWSUBE100G-01', 'Pilllows Ube 100g', '290', '20', '24', 'Pilllows Ube 100g.jpg', 'New stocks', '2024-05-22 09:16:28', '2025-03-30 12:15:13', NULL, NULL),
(8, 'Oishi Prawn Crackers Spicy Flavor 75g', 'Groceries', '', '0', '', '', '45623', NULL, 'OISHISPCY75G-01', 'Oishi Prawn Crackers Spicy Flavor 75g', '93', '20', '25', '', 'Expired', '2024-05-22 09:16:54', '2024-06-10 17:46:33', NULL, NULL),
(9, 'Cheetos 75g', 'Groceries', NULL, 'pc', '', '', '56231', 'Test cheetos', 'CHEETOS75G-01', 'Cheetos 75g', '81', '37', '45', NULL, NULL, '2024-05-22 09:17:31', '2025-03-30 12:29:35', NULL, NULL),
(10, 'Piattos Cheese Flavor 125g', 'Groceries', '', '0', '', '', '673142', NULL, 'PTTSCHSE125G', 'Piattos Cheese Flavor 125g', '90', '17', '20', '', NULL, '2024-05-22 09:18:05', '2024-06-11 05:42:17', NULL, NULL),
(11, 'Stick-O Chocolate 200G', 'Groceries', '', '0', '', '', '34512234', NULL, 'STICKOCHOCO200G', 'Stick-O Chocolate 200G', '43', '55', '70', '', 'Expired', '2024-05-22 09:18:21', '2024-06-10 16:15:03', NULL, NULL),
(12, 'Pocky Choco', 'Groceries', 'MSCS PrimeGoods, Inc.', 'pc', '', '', '76457234', NULL, 'POCKYCHOCO-01', 'Pocky Choco', '325', '67', '77', NULL, 'New stocks', '2024-05-22 09:18:39', '2025-03-30 12:44:10', NULL, NULL),
(13, 'Souper', 'Groceries', '', '0', '', '', '456123', NULL, 'SOUPER-001', 'Souper', '76', '41', '49', '', 'no stocks', '2024-05-24 11:32:59', '2025-03-30 05:31:14', NULL, NULL),
(14, 'Roller Coaster', 'Groceries', 'Test Supplier', 'pc', '', '', '6789234', NULL, 'RLLRCSTR-001', 'Roller Coaster', '110', '7', '10', '', 'New stocks', '2024-05-24 14:06:53', '2025-03-30 12:33:18', NULL, NULL),
(15, 'Nescafe Original Twin Pack Sugar Free', 'Groceries', 'MSCS PrimeGoods, Inc.', 'pc', '', '', '3456723', 'Enjoy the rich, classic taste of Nescafe Original in a sugar-free twin pack for double the delight!', 'NSCFO-TWNPCK', '4800361423601', '96', '12', '14', NULL, 'New stocks', '2024-06-03 03:50:21', '2025-03-30 12:33:18', NULL, NULL),
(16, 'Nestle Koko Krunch 15g', 'Groceries', 'MSCS PrimeGoods, Inc.', 'pc', '', '', '456234', 'Crunchy and chocolatey Nestle Koko Krunch in a convenient 15g packperfect for snacking anytime!', 'Nestle Koko Krunch 15g', '4800361328463', '-20', '6', '8', 'Nestle Koko Krunch 15g.png', 'New stocks', '2024-06-03 04:09:43', '2025-03-30 12:09:29', NULL, NULL),
(17, 'Oishi Crispy Patata Baked Potato Flavor 24g', 'Groceries', '', '0', '', '', '567345123', NULL, 'Oishi Crispy Patata Baked Potato Flavor', '4800194104869', '68', '7', '8', '', '103123', '2024-06-03 04:32:26', '2025-03-30 05:31:58', NULL, NULL),
(18, 'Oishi Prawn Crackers 24g', 'Groceries', 'Test Supplier', 'pc', '', '', '568234', NULL, 'Oishi Prawn Crackers 24g', '4891208040143', '16', '7', '8', NULL, 'New stocks', '2024-06-03 04:32:52', '2025-01-17 08:44:02', NULL, NULL),
(19, 'Johnsons Baby Powder', 'Groceries', 'MSCS PrimeGoods, Inc.', 'pc', 'Red', '', '6783445', NULL, 'Johnsons Baby Powder', '4801010105107', '15', '35', '45', NULL, 'New stocks', '2024-06-11 06:00:04', '2025-03-30 12:11:00', NULL, NULL),
(20, 'Sopas Powder', 'Dry Goods', 'Test Supplier', 'pc', 'Blue', '20 g', '71232', NULL, 'SPSPWDR', NULL, '44', '25', '26', NULL, '12asl;d', '2025-01-17 06:16:46', '2025-03-30 05:32:34', NULL, NULL),
(21, 'Nutella', 'Wet Goods', 'Test Supplier', 'pc', 'Brown', '100 g', '54123', NULL, 'NTLLA-00421', NULL, '58', '100', '126', 'Nutella.jpg', NULL, '2025-01-17 06:20:18', '2025-03-30 12:34:27', NULL, NULL),
(32, 'Nutella Choco', 'Limited Edition', 'Test Supplier', 'pc', 'Brown', '100 g', '51231', NULL, 'NTLLA-00422', NULL, '50', '124', '126', 'Nutella Choco.jpg', 'no stocks', '2025-01-17 07:40:31', '2025-03-30 05:38:01', NULL, NULL),
(33, 'Sopas Powder Yummy', 'Dry Goods', 'Test Supplier', 'pc', 'White', '20 g', '71235', 'Deliciously creamy Sopas Powder, perfect for a quick and comforting meal!', 'SPSPWDRYMMY', NULL, '30', '12', '26', 'Sopas Powder Yummy.jpg', 'New stocks', '2025-01-17 08:01:06', '2025-01-20 13:02:44', NULL, NULL),
(34, 'Stick-O Ube', 'Dry Goods', 'MSCS PrimeGoods, Inc.', 'pack', 'Ube', '300 g', '5678224', 'Yummy Wafer Sticks', 'STCK-UB1', NULL, '100', '100', '120', 'Stick-O Ube.jpg', 'no stocks', '2025-01-18 04:57:15', '2025-03-30 05:17:38', NULL, NULL),
(35, 'Cream-O Cookies Vanilla', 'Dry Goods', 'MSCS PrimeGoods, Inc.', 'pack', 'Blue', '10 g', '5566213', 'Take a delicious break with chocolate cookies and vanilla-cream filled of Cream-O Cookies.', 'CRM-OVNNL', NULL, '0', '156', '160', 'Cream-O Cookies Vanilla.jpg', NULL, '2025-01-18 05:42:38', '2025-01-18 05:42:38', NULL, NULL),
(36, 'M.Y. San Honey Graham Crackers', 'Groceries', 'MSCS PrimeGoods, Inc.', 'pack', 'Brown', '210 g', '09456', 'Golden Honey Grahams just the way granny used to make them. Every bite of honey-kissed goodness conjures the comfort and warmth of the home kitchen of our fondest memories.', 'MYSH-GC', NULL, '100', '200', '220', 'M.Y. San Honey Graham Crackers.jpg', 'New stocks', '2025-01-18 05:44:59', '2025-01-18 05:59:36', NULL, NULL),
(37, 'Magic Sarap', 'Groceries', 'MSCS PrimeGoods, Inc.', 'pc', 'Yellow', '12 g', '87234234', 'Maggi Magic Sarap All-in-One Seasoning 8g 12pc', 'MGC-SRP', NULL, '15', '120', '123', 'Magic Sarap.jpg', 'New stocks', '2025-01-20 13:12:23', '2025-03-05 10:19:47', '2025-03-13', 'Buy 1 Pack get Spoon test'),
(38, 'C2 Solo Lemon Green Tea', 'Wet Goods', 'MSCS PrimeGoods, Inc.', 'pack', 'Green', '230 ml', '5344351', 'Relax the natural way with C2 Cool & Clean, made with 100% natural tea leaves, brewed and bottled on the same day. Enjoy the refreshingly fruity goodness of C2 Lemon!\r\nC2 Green Tea ready-to-drink beverage is delicately brewed from 100% natural green tea leaves and bottled on the same day. Green Tea is known to have polyphenol antioxidants called Catechins\". Savor the delicious taste and enjoy the refreshing goodness of C2 Green Tea ice tea', 'C2SLO-GT', NULL, '100', '300', '340', 'C2 Solo Lemon Green Tea.jpg', 'no stocks', '2025-03-05 08:54:40', '2025-03-30 05:18:27', '2028-11-17', 'Buy 1 box get 12 ad ons.');

-- --------------------------------------------------------

--
-- Table structure for table `stock_adjustment_logs`
--

CREATE TABLE `stock_adjustment_logs` (
  `id` bigint UNSIGNED NOT NULL,
  `stock_id` bigint UNSIGNED NOT NULL,
  `item` varchar(255) CHARACTER SET utf8mb4 COLLATE utf8mb4_unicode_ci NOT NULL,
  `adjustment_type` varchar(255) CHARACTER SET utf8mb4 COLLATE utf8mb4_unicode_ci NOT NULL,
  `quantity` int NOT NULL,
  `old_quantity` int NOT NULL,
  `new_quantity` int NOT NULL,
  `reason` text CHARACTER SET utf8mb4 COLLATE utf8mb4_unicode_ci NOT NULL,
  `created_at` timestamp NULL DEFAULT NULL,
  `updated_at` timestamp NULL DEFAULT NULL
) ENGINE=InnoDB DEFAULT CHARSET=utf8mb4 COLLATE=utf8mb4_unicode_ci;

--
-- Dumping data for table `stock_adjustment_logs`
--

INSERT INTO `stock_adjustment_logs` (`id`, `stock_id`, `item`, `adjustment_type`, `quantity`, `old_quantity`, `new_quantity`, `reason`, `created_at`, `updated_at`) VALUES
(4, 2, 'Nomu-nomu Lychee', 'increase', 100, 85, 185, 'Test', '2025-03-01 18:20:09', '2025-03-01 18:20:09'),
(5, 38, 'Milo', 'increase', 100, 26, 126, 'Testing', '2025-03-01 18:20:57', '2025-03-01 18:20:57'),
(6, 34, 'Stick-O Ube', 'increase', 100, 0, 100, 'no stocks', '2025-03-30 05:17:38', '2025-03-30 05:17:38'),
(7, 38, 'C2 Solo Lemon Green Tea', 'increase', 100, 0, 100, 'no stocks', '2025-03-30 05:18:27', '2025-03-30 05:18:27'),
(8, 32, 'Nutella Choco', 'decrease', 116, 116, 0, 'too masd', '2025-03-30 05:19:09', '2025-03-30 05:19:09'),
(9, 13, 'Souper', 'increase', 76, 0, 76, 'no stocks', '2025-03-30 05:31:14', '2025-03-30 05:31:14'),
(10, 17, 'Oishi Crispy Patata Baked Potato Flavor 24g', 'increase', 50, 18, 68, '103123', '2025-03-30 05:31:58', '2025-03-30 05:31:58'),
(11, 20, 'Sopas Powder', 'increase', 25, 19, 44, '12asl;d', '2025-03-30 05:32:34', '2025-03-30 05:32:34'),
(12, 32, 'Nutella Choco', 'increase', 50, 0, 50, 'no stocks', '2025-03-30 05:38:01', '2025-03-30 05:38:01'),
(13, 2, 'Nomu-nomu Lychee', 'increase', 6, 94, 100, 'no stocks', '2025-03-30 12:40:24', '2025-03-30 12:40:24');

-- --------------------------------------------------------

--
-- Table structure for table `stock_batches`
--

CREATE TABLE `stock_batches` (
  `id` bigint UNSIGNED NOT NULL,
  `stock_id` bigint UNSIGNED NOT NULL,
  `batch_number` varchar(255) CHARACTER SET utf8mb4 COLLATE utf8mb4_unicode_ci NOT NULL,
  `quantity` int NOT NULL,
  `manufacturing_date` date NOT NULL,
  `expiration_date` date NOT NULL,
  `created_at` timestamp NULL DEFAULT NULL,
  `updated_at` timestamp NULL DEFAULT NULL
) ENGINE=InnoDB DEFAULT CHARSET=utf8mb4 COLLATE=utf8mb4_unicode_ci;

-- --------------------------------------------------------

--
-- Table structure for table `suppliers`
--

CREATE TABLE `suppliers` (
  `id` bigint UNSIGNED NOT NULL,
  `name` varchar(255) CHARACTER SET utf8mb4 COLLATE utf8mb4_unicode_ci NOT NULL,
  `contact_person` varchar(255) CHARACTER SET utf8mb4 COLLATE utf8mb4_unicode_ci NOT NULL,
  `contact_number` varchar(255) CHARACTER SET utf8mb4 COLLATE utf8mb4_unicode_ci NOT NULL,
  `email` varchar(255) CHARACTER SET utf8mb4 COLLATE utf8mb4_unicode_ci DEFAULT NULL,
  `address` varchar(255) CHARACTER SET utf8mb4 COLLATE utf8mb4_unicode_ci NOT NULL,
  `created_at` timestamp NULL DEFAULT NULL,
  `updated_at` timestamp NULL DEFAULT NULL
) ENGINE=InnoDB DEFAULT CHARSET=utf8mb4 COLLATE=utf8mb4_unicode_ci;

--
-- Dumping data for table `suppliers`
--

INSERT INTO `suppliers` (`id`, `name`, `contact_person`, `contact_number`, `email`, `address`, `created_at`, `updated_at`) VALUES
(1, 'Test Supplier', 'Dev', '09317877213', 'socorinfrederick@gmail.com', 'Makati City', '2025-01-17 07:31:36', '2025-03-05 08:46:37'),
(2, 'MSCS PrimeGoods, Inc.', 'Test Dev', '09123123143', 'socorinfrederick@gmail.com', 'Taguig City', '2025-01-17 08:32:38', '2025-03-05 08:46:23'),
(3, 'billyjoe', 'billy', '091232341', 'billyjoeodnc@gmail.com', 'Terra verde', '2025-03-30 06:51:25', '2025-03-30 12:05:14');

-- --------------------------------------------------------

--
-- Table structure for table `supplier_orders`
--

CREATE TABLE `supplier_orders` (
  `id` bigint UNSIGNED NOT NULL,
  `item` varchar(255) CHARACTER SET utf8mb4 COLLATE utf8mb4_unicode_ci DEFAULT NULL,
  `batch_number` varchar(255) CHARACTER SET utf8mb4 COLLATE utf8mb4_unicode_ci DEFAULT NULL,
  `quantity` varchar(255) CHARACTER SET utf8mb4 COLLATE utf8mb4_unicode_ci DEFAULT NULL,
  `supplier` varchar(255) CHARACTER SET utf8mb4 COLLATE utf8mb4_unicode_ci DEFAULT NULL,
  `status` varchar(255) CHARACTER SET utf8mb4 COLLATE utf8mb4_unicode_ci DEFAULT NULL,
  `expiration_date` varchar(255) CHARACTER SET utf8mb4 COLLATE utf8mb4_unicode_ci DEFAULT NULL,
  `created_at` timestamp NULL DEFAULT NULL,
  `updated_at` timestamp NULL DEFAULT NULL
) ENGINE=InnoDB DEFAULT CHARSET=utf8mb4 COLLATE=utf8mb4_unicode_ci;

--
-- Dumping data for table `supplier_orders`
--

INSERT INTO `supplier_orders` (`id`, `item`, `batch_number`, `quantity`, `supplier`, `status`, `expiration_date`, `created_at`, `updated_at`) VALUES
(1, 'Nutella Choco', '1', '24', 'MSCS PrimeGoods, Inc.', 'Delivered', '2026-12-12', '2025-01-17 09:27:24', '2025-01-17 09:29:09'),
(2, 'M.Y. San Honey Graham Crackers', '2', '100', 'MSCS PrimeGoods, Inc.', 'Delivered', '2027-07-06', '2025-01-18 05:47:44', '2025-01-18 05:59:36'),
(3, 'Magic Sarap', '3', '25', 'MSCS PrimeGoods, Inc.', 'Delivered', '2026-12-12', '2025-01-20 13:14:56', '2025-01-20 13:15:06'),
(4, 'Pilllows Ube 100g', '4', '0', 'MSCS PrimeGoods, Inc.', 'Pending', NULL, '2025-03-30 06:46:20', '2025-03-30 06:46:20'),
(5, 'Nomu-nomu Lychee', '5', '100', 'MSCS PrimeGoods, Inc.', 'Pending', NULL, '2025-03-30 06:49:39', '2025-03-30 06:49:39'),
(6, 'Pilllows Ube 100g', '6', '100', 'billyjoe', 'Delivered', '2025-03-30', '2025-03-30 12:14:20', '2025-03-30 12:15:12'),
(7, 'Nomu-nomu Lychee', '6', '100', 'billyjoe', 'Pending', NULL, '2025-03-30 12:14:20', '2025-03-30 12:14:20'),
(8, 'Pocky Choco', '7', '100', 'billyjoe', 'Delivered', '2025-03-30', '2025-03-30 12:43:30', '2025-03-30 12:44:06'),
(9, 'Pilllows Ube 100g', '7', '100', 'billyjoe', 'Pending', NULL, '2025-03-30 12:43:30', '2025-03-30 12:43:30');

-- --------------------------------------------------------

--
-- Table structure for table `tbl_cashiers`
--

CREATE TABLE `tbl_cashiers` (
  `id` bigint UNSIGNED NOT NULL,
  `name` varchar(255) CHARACTER SET utf8mb4 COLLATE utf8mb4_unicode_ci NOT NULL,
  `password` varchar(255) CHARACTER SET utf8mb4 COLLATE utf8mb4_unicode_ci NOT NULL,
  `role` varchar(255) CHARACTER SET utf8mb4 COLLATE utf8mb4_unicode_ci NOT NULL,
  `created_at` timestamp NULL DEFAULT NULL,
  `updated_at` timestamp NULL DEFAULT NULL
) ENGINE=InnoDB DEFAULT CHARSET=utf8mb4 COLLATE=utf8mb4_unicode_ci;

--
-- Dumping data for table `tbl_cashiers`
--

INSERT INTO `tbl_cashiers` (`id`, `name`, `password`, `role`, `created_at`, `updated_at`) VALUES
(17, 'Admin', '$2y$12$zw.x8R1Qeq7gfR9Su/eRcOOgEL4iLQkMRkyNbIaiPCFuEOQEoaMyi', 'Admin', '2024-06-10 14:20:22', '2024-06-10 14:20:22'),
(19, 'testdev', '$2y$12$NVBsS8hR.vauZHtoaZG2MOEKkhEma4EoVwqerKeICrYAFJbmvEs9W', 'Cashier', '2025-01-17 05:31:30', '2025-01-17 05:31:30'),
(20, 'billy', '$2y$12$YCRMQcIc1nSviZRKu.m6Eu3r6CCOE9ZRxlayj..KPGS.qN2.pXgKO', 'Cashier', '2025-03-30 12:18:30', '2025-03-30 12:18:30'),
(21, 'alliah', '$2y$12$Fl2mUQnMK/k3tIn.1qlxaeX/smHFCTgCT3DLsT3JC2QUlV7VgU78u', 'Cashier', '2025-03-30 12:19:04', '2025-03-30 12:19:04');

-- --------------------------------------------------------

--
-- Table structure for table `tbl_history`
--

CREATE TABLE `tbl_history` (
  `id` bigint UNSIGNED NOT NULL,
  `ticket` int NOT NULL,
  `cashier` varchar(255) CHARACTER SET utf8mb4 COLLATE utf8mb4_unicode_ci NOT NULL,
  `customer` varchar(255) CHARACTER SET utf8mb4 COLLATE utf8mb4_unicode_ci NOT NULL,
  `type` varchar(255) CHARACTER SET utf8mb4 COLLATE utf8mb4_unicode_ci NOT NULL,
  `sub_total` double NOT NULL,
  `tax` double NOT NULL,
  `cash` double NOT NULL,
  `total` double NOT NULL,
  `change` double NOT NULL,
  `created_at` timestamp NULL DEFAULT NULL,
  `updated_at` timestamp NULL DEFAULT NULL
) ENGINE=InnoDB DEFAULT CHARSET=utf8mb4 COLLATE=utf8mb4_unicode_ci;

--
-- Dumping data for table `tbl_history`
--

INSERT INTO `tbl_history` (`id`, `ticket`, `cashier`, `customer`, `type`, `sub_total`, `tax`, `cash`, `total`, `change`, `created_at`, `updated_at`) VALUES
(1, 1012, 'Jeric', 'Jana', 'SALE', 17.6, 2.4, 50, 20, 30, '2024-04-23 00:15:37', '2024-04-23 00:15:37'),
(2, 1014, 'Jeric', 'Rod Francis', 'SALE', 17.6, 2.4, 50, 20, 30, '2024-04-23 03:35:01', '2024-04-23 03:35:01'),
(3, 1015, 'Jeric', 'Mark', 'SALE', 17.6, 2.4, 200, 20, 180, '2024-04-23 03:53:52', '2024-04-23 03:53:52'),
(5, 1010, 'Jeric', 'Jerry', 'SALE', 61.6, 8.4, 200, 70, 130, '2024-04-23 21:32:18', '2024-04-23 21:32:18'),
(6, 1011, 'Jeric', 'Customer', 'SALE', 39.6, 5.4, 50, 45, 5, '2024-04-23 22:43:26', '2024-04-23 22:43:26'),
(7, 1015, 'Jeric', 'Customer', 'SALE', 39.6, 5.4, 50, 45, 5, '2024-04-28 08:22:25', '2024-04-28 08:22:25'),
(8, 1016, 'Jeric', 'Andy', 'SALE', 39.6, 5.4, 50, 45, 5, '2024-05-08 02:20:18', '2024-05-08 02:20:18'),
(9, 1017, 'Jeric', 'Vicky', 'SALE', 79.2, 10.8, 100, 90, 10, '2024-05-08 04:24:55', '2024-05-08 04:24:55'),
(10, 1018, 'Jeric', 'Lorraine', 'SALE', 101.2, 13.8, 150, 115, 35, '2024-05-08 04:26:10', '2024-05-08 04:26:10'),
(11, 1020, 'Jeric', 'Olive', 'SALE', 39.6, 5.4, 50, 45, 5, '2024-05-09 13:04:20', '2024-05-09 13:04:20'),
(12, 1022, 'Jeric', 'Pia', 'SALE', 67.76, 9.24, 100, 77, 23, '2024-05-13 04:43:14', '2024-05-13 04:43:14'),
(13, 1023, 'Jeric', 'Lorraine', 'SALE', 88.88, 12.12, 105, 101, 4, '2024-05-13 04:54:03', '2024-05-13 04:54:03'),
(14, 1024, 'Jeric', 'Mira', 'SALE', 74.8, 10.2, 100, 85, 15, '2024-05-13 04:57:13', '2024-05-13 04:57:13'),
(15, 1025, 'Jeric', 'Customer', 'SALE', 88.88, 12.12, 200, 101, 99, '2024-05-13 05:00:50', '2024-05-13 05:00:50'),
(16, 1026, 'Jeric', 'Customer', 'SALE', 184.8, 25.2, 220, 210, 10, '2024-05-13 05:26:08', '2024-05-13 05:26:08'),
(17, 1027, 'Jeric', 'Dale', 'SALE', 67.76, 9.24, 100, 77, 23, '2024-05-13 06:39:22', '2024-05-13 06:39:22'),
(18, 1030, 'Jeric', 'Nick', 'SALE', 64.24, 8.76, 100, 73, 27, '2024-05-15 14:43:03', '2024-05-15 14:43:03'),
(19, 1031, 'Jeric', 'Mike', 'SALE', 64.24, 8.76, 100, 73, 27, '2024-05-15 14:43:30', '2024-05-15 14:43:30'),
(20, 1032, 'Jeric', 'Luke', 'SALE', 60.72, 8.28, 100, 69, 31, '2024-05-15 14:43:42', '2024-05-15 14:43:42'),
(21, 1033, 'Jeric', 'Karina', 'SALE', 104.72, 14.28, 120, 119, 1, '2024-05-15 14:44:00', '2024-05-15 14:44:00'),
(22, 1034, 'Jeric', 'Customer', 'SALE', 118.8, 16.2, 200, 135, 65, '2024-05-16 00:35:55', '2024-05-16 00:35:55'),
(23, 1035, 'Jeric', 'Olive', 'SALE', 65.12, 8.88, 100, 74, 26, '2024-05-16 01:27:08', '2024-05-16 01:27:08'),
(24, 1036, 'Jeric', 'Vicky', 'SALE', 396, 54, 500, 450, 50, '2024-05-16 01:40:34', '2024-05-16 01:40:34'),
(25, 1037, 'Jeric', 'Jeric', 'SALE', 242.88, 33.12, 300, 276, 24, '2024-05-16 05:06:51', '2024-05-16 05:06:51'),
(26, 1038, 'Jeric', 'Billy', 'SALE', 168.08, 22.92, 200, 191, 9, '2024-05-16 12:18:48', '2024-05-16 12:18:48'),
(27, 1039, 'Jeric', 'Alliah', 'SALE', 79.2, 10.8, 100, 90, 10, '2024-05-16 12:24:12', '2024-05-16 12:24:12'),
(28, 1040, 'Jeric', 'Mark', 'SALE', 60.72, 8.28, 100, 69, 31, '2024-05-17 06:01:42', '2024-05-17 06:01:42'),
(29, 1041, 'Jeric', 'Dale', 'SALE', 89.76, 12.24, 100, 102, -2, '2024-05-17 06:08:12', '2024-05-17 06:08:12'),
(30, 1042, 'Jeric', 'Mira', 'SALE', 81.84, 11.16, 95, 93, 2, '2024-05-17 06:21:30', '2024-05-17 06:21:30'),
(31, 1043, 'Jeric', 'Enid', 'SALE', 100.32, 13.68, 120, 114, 6, '2024-05-17 07:27:22', '2024-05-17 07:27:22'),
(32, 1044, 'Jeric', 'Lorraine', 'SALE', 67.76, 9.24, 100, 77, 23, '2024-05-17 07:32:11', '2024-05-17 07:32:11'),
(33, 1045, 'Jeric', 'Lorraine', 'SALE', 88.88, 12.12, 200, 101, 99, '2024-05-17 09:15:38', '2024-05-17 09:15:38'),
(34, 1046, 'Jeric', 'Vicky', 'SALE', 21.12, 2.88, 50, 24, 26, '2024-05-17 09:22:49', '2024-05-17 09:22:49'),
(35, 1047, 'Jeric', 'Job', 'SALE', 63.36, 8.64, 1000, 72, 928, '2024-05-18 04:51:31', '2024-05-18 04:51:31'),
(36, 1048, 'Jeric', 'Nick', 'SALE', 44.88, 6.12, 100, 51, 49, '2024-05-20 04:04:01', '2024-05-20 04:04:01'),
(37, 1049, 'Jeric', 'Lorraine', 'SALE', 150.48, 20.52, 200, 171, 29, '2024-05-20 04:23:01', '2024-05-20 04:23:01'),
(39, 1052, 'Jeric', 'Vicky', 'SALE', 39.6, 5.4, 50, 45, 5, '2024-05-20 04:30:36', '2024-05-20 04:30:36'),
(40, 1053, 'Jeric', 'Mira', 'SALE', 38.72, 5.28, 50, 44, 6, '2024-05-20 04:38:52', '2024-05-20 04:38:52'),
(41, 1054, 'Jeric', 'Nick', 'SALE', 123.2, 16.8, 200, 140, 60, '2024-05-20 05:11:00', '2024-05-20 05:11:00'),
(42, 1055, 'Jeric', 'Mira', 'SALE', 60.72, 8.28, 100, 69, 31, '2024-05-20 05:11:52', '2024-05-20 05:11:52'),
(43, 1056, 'Jeric', 'Roy', 'SALE', 388.96, 53.04, 500, 442, 58, '2024-05-20 08:20:57', '2024-05-20 08:20:57'),
(44, 1057, 'Jeric', 'Mira', 'SALE', 35.2, 4.8, 50, 40, 10, '2024-05-21 05:14:37', '2024-05-21 05:14:37'),
(45, 1058, 'Jeric', 'Customer', 'SALE', 448.8, 61.2, 520, 510, 10, '2024-05-21 05:31:31', '2024-05-21 05:31:31'),
(46, 1059, 'Jeric', 'Roy', 'SALE', 179.52, 24.48, 210, 204, 6, '2024-05-21 05:32:26', '2024-05-21 05:32:26'),
(47, 1060, 'Jeric', 'Customer', 'SALE', 219.12, 29.88, 250, 249, 1, '2024-05-21 05:33:02', '2024-05-21 05:33:02'),
(48, 1061, 'Jeric', 'Customer', 'SALE', 21.12, 2.88, 50, 24, 26, '2024-05-21 05:36:07', '2024-05-21 05:36:07'),
(49, 1062, 'Jeric', 'Customer', 'SALE', 38.72, 5.28, 50, 44, 6, '2024-05-21 05:44:55', '2024-05-21 05:44:55'),
(50, 1063, 'Jeric', 'Customer', 'SALE', 129.36, 17.64, 200, 147, 53, '2024-05-21 05:45:54', '2024-05-21 05:45:54'),
(51, 1064, 'Jeric', 'Olive', 'SALE', 104.72, 14.28, 120, 119, 1, '2024-05-21 05:51:57', '2024-05-21 05:51:57'),
(52, 1065, 'Jeric', 'Pia', 'SALE', 117.92, 16.08, 200, 134, 66, '2024-05-21 05:52:18', '2024-05-21 05:52:18'),
(53, 1066, 'Jeric', 'Vince', 'SALE', 79.2, 10.8, 100, 90, 10, '2024-05-21 06:14:55', '2024-05-21 06:14:55'),
(54, 1067, 'Jeric', 'Olive', 'SALE', 229.68, 31.32, 300, 261, 39, '2024-05-21 06:15:18', '2024-05-21 06:15:18'),
(55, 1068, 'Jeric', 'Olive', 'SALE', 59.84, 8.16, 100, 68, 32, '2024-05-22 04:57:08', '2024-05-22 04:57:08'),
(56, 1069, 'Krystle', 'Jeric', 'SALE', 118.8, 16.2, 200, 135, 65, '2024-05-24 11:05:57', '2024-05-24 11:05:57'),
(57, 1070, 'Krystle', 'Lorraine', 'SALE', 88, 12, 100, 100, 0, '2024-05-24 15:08:02', '2024-05-24 15:08:02'),
(58, 1071, 'Jeric', 'Vicky', 'SALE', 69.52, 9.48, 100, 79, 21, '2024-05-24 15:08:33', '2024-05-24 15:08:33'),
(59, 1072, 'Jeric', 'Patrick', 'SALE', 123.2, 16.8, 200, 140, 60, '2024-05-25 02:29:34', '2024-05-25 02:29:34'),
(60, 1073, 'Jeric', 'Olive', 'SALE', 852.72, 116.28, 1000, 969, 31, '2024-05-25 02:32:51', '2024-05-25 02:32:51'),
(61, 1074, 'Jeric', 'Customer', 'SALE', 100.32, 13.68, 200, 114, 86, '2024-05-26 12:33:34', '2024-05-26 12:33:34'),
(62, 1075, 'Jeric', 'Olive', 'SALE', 493.68, 67.32, 570, 561, 9, '2024-05-27 03:57:55', '2024-05-27 03:57:55'),
(63, 1076, 'Jeric', 'Gem', 'SALE', 86.24, 11.76, 100, 98, 2, '2024-05-29 10:31:03', '2024-05-29 10:31:03'),
(64, 1078, 'Jeric', 'Customer', 'SALE', 67.76, 9.24, 100, 77, 23, '2024-06-02 01:58:54', '2024-06-02 01:58:54'),
(65, 1079, 'Jeric', 'Customer', 'SALE', 317.68, 43.32, 370, 361, 9, '2024-06-02 02:36:40', '2024-06-02 02:36:40'),
(66, 1080, 'Jeric', 'Jana', 'SALE', 19.36, 2.64, 50, 22, 28, '2024-06-03 04:13:22', '2024-06-03 04:13:22'),
(67, 1081, 'Jeric', 'Lorraine', 'SALE', 42.24, 5.76, 50, 48, 2, '2024-06-03 04:30:52', '2024-06-03 04:30:52'),
(68, 1082, 'Jeric', 'Customer', 'SALE', 47.52, 6.48, 100, 54, 46, '2024-06-03 05:23:33', '2024-06-03 05:23:33'),
(69, 1083, 'Jeric', 'Customer', 'SALE', 161.04, 21.96, 200, 183, 17, '2024-06-03 08:22:44', '2024-06-03 08:22:44'),
(70, 1084, 'Jeric', 'Customer', 'SALE', 856.24, 116.76, 1000, 973, 27, '2024-06-03 15:07:38', '2024-06-03 15:07:38'),
(71, 1085, 'Jeric', 'Customer', 'SALE', 21.12, 2.88, 50, 24, 26, '2024-06-08 07:11:32', '2024-06-08 07:11:32'),
(72, 1086, 'Jeric', 'Customer', 'SALE', 26.4, 3.6, 100, 30, 70, '2024-06-10 09:36:49', '2024-06-10 09:36:49'),
(73, 1087, 'Jeric', 'Customer', 'SALE', 68.64, 9.36, 100, 78, 22, '2024-06-10 09:37:44', '2024-06-10 09:37:44'),
(74, 1088, 'Jeric', 'Customer', 'SALE', 462.88, 63.12, 600, 526, 74, '2024-06-10 15:44:42', '2024-06-10 15:44:42'),
(75, 1089, 'Jeric', 'Customer', 'SALE', 213.84, 29.16, 245, 243, 2, '2024-06-10 15:52:08', '2024-06-10 15:52:08'),
(76, 1090, 'Jeric', 'Customer', 'SALE', 184.8, 25.2, 220, 210, 10, '2024-06-10 15:54:16', '2024-06-10 15:54:16'),
(77, 1091, 'Jeric', 'Customer', 'SALE', 7.04, 0.96, 5, 8, -3, '2024-06-10 15:54:29', '2024-06-10 15:54:29'),
(78, 1092, 'Jeric', 'Customer', 'SALE', 28.16, 3.84, 50, 32, 18, '2024-06-10 15:56:27', '2024-06-10 15:56:27'),
(79, 1093, 'Jeric', 'Customer', 'SALE', 21.12, 2.88, 245, 24, 221, '2024-06-10 15:58:41', '2024-06-10 15:58:41'),
(80, 1094, 'Jeric', 'Customer', 'SALE', 21.12, 2.88, 24, 24, 0, '2024-06-10 15:58:54', '2024-06-10 15:58:54'),
(81, 1095, 'Jeric', 'Customer', 'SALE', 8.8, 1.2, 15, 10, 5, '2024-06-10 15:59:39', '2024-06-10 15:59:39'),
(82, 1096, 'Jeric', 'Customer', 'SALE', 311.52, 42.48, 500, 354, 146, '2024-06-10 16:10:38', '2024-06-10 16:10:38'),
(83, 1097, 'Jeric', 'Customer', 'SALE', 12.32, 1.68, 50, 14, 36, '2024-06-10 16:12:41', '2024-06-10 16:12:41'),
(84, 1098, 'Jeric', 'Customer', 'SALE', 19.36, 2.64, 50, 22, 28, '2024-06-10 16:12:48', '2024-06-10 16:12:48'),
(85, 1099, 'Jeric', 'Customer', 'SALE', 42.24, 5.76, 20, 48, -28, '2024-06-10 16:14:31', '2024-06-10 16:14:31'),
(86, 1100, 'Jeric', 'Customer', 'SALE', 61.6, 8.4, 70, 70, 0, '2024-06-10 16:15:03', '2024-06-10 16:15:03'),
(87, 1101, 'Jeric', 'Lorraine', 'SALE', 19.36, 2.64, 22, 22, 0, '2024-06-10 17:24:43', '2024-06-10 17:24:43'),
(88, 1102, 'Jeric', 'Pia', 'SALE', 155.76, 21.24, 200, 177, 23, '2024-06-10 17:46:33', '2024-06-10 17:46:33'),
(89, 1103, 'Jeric', 'Customer', 'SALE', 61.6, 8.4, 100, 70, 30, '2024-06-10 17:49:24', '2024-06-10 17:49:24'),
(90, 1104, 'Krystle', 'Ton', 'SALE', 51.04, 6.96, 58, 58, 0, '2024-06-11 05:42:17', '2024-06-11 05:42:17'),
(91, 1105, 'Krystle', 'Alliah', 'SALE', 237.6, 32.4, 270, 270, 0, '2024-06-11 06:04:29', '2024-06-11 06:04:29'),
(92, 1106, 'Krystle', 'Olive4801010105107', 'SALE', 73.04, 9.96, 100, 83, 17, '2024-06-11 06:07:04', '2024-06-11 06:07:04'),
(93, 1107, 'Krystle', 'Mira', 'SALE', 39.6, 5.4, 50, 45, 5, '2024-06-11 06:07:29', '2024-06-11 06:07:29'),
(94, 1108, 'testdev', 'Customer', 'SALE', 258.72, 35.28, 1000, 235.2, 764.8, '2025-01-17 09:25:47', '2025-01-17 09:25:47'),
(95, 1110, 'testdev', 'Customer', 'SALE', 21.12, 2.88, 28, 24, 4, '2025-03-05 09:26:22', '2025-03-05 09:26:22'),
(96, 1112, 'testdev', 'Customer', 'SALE', 21.12, 2.88, 52, 24, 28, '2025-03-05 09:34:29', '2025-03-05 09:34:29'),
(97, 1114, 'testdev', 'Customer', 'SALE', 39.6, 5.4, 80, 45, 35, '2025-03-05 09:37:05', '2025-03-05 09:37:05'),
(98, 1115, 'testdev', 'Customer', 'SALE', 39.6, 5.4, 74, 45, 29, '2025-03-05 09:37:44', '2025-03-05 09:37:44'),
(99, 1116, 'testdev', 'Customer', 'SALE', 42.24, 5.76, 80, 48, 32, '2025-03-05 09:39:04', '2025-03-05 09:39:04'),
(100, 1117, 'testdev', 'Customer', 'SALE', 128.48, 17.52, 120, 116.8, 3.2, '2025-03-05 09:39:34', '2025-03-05 09:39:34'),
(101, 1118, 'testdev', 'Customer', 'SALE', 39.6, 5.4, 50, 45, 5, '2025-03-05 09:41:37', '2025-03-05 09:41:37'),
(102, 1119, 'testdev', 'Customer', 'SALE', 44.88, 6.12, 85, 51, 34, '2025-03-05 09:42:04', '2025-03-05 09:42:04'),
(103, 1121, 'testdev', 'Customer', 'SALE', 150.48, 20.52, 770, 171, 599, '2025-03-05 09:54:42', '2025-03-05 09:54:42'),
(104, 1122, 'testdev', 'Customer', 'SALE', 108.24, 14.76, 720, 123, 597, '2025-03-05 09:55:06', '2025-03-05 09:55:06'),
(105, 1123, 'testdev', 'Customer', 'SALE', 324.72, 44.28, 470, 369, 101, '2025-03-05 09:57:10', '2025-03-05 09:57:10'),
(106, 1124, 'testdev', 'Customer', 'SALE', 39.6, 5.4, 100, 45, 55, '2025-03-05 09:57:27', '2025-03-05 09:57:27'),
(107, 1125, 'testdev', 'Customer', 'SALE', 79.2, 10.8, 100, 90, 10, '2025-03-05 09:58:44', '2025-03-05 09:58:44'),
(108, 1126, 'testdev', 'Customer', 'SALE', 39.6, 5.4, 50, 45, 5, '2025-03-05 09:59:33', '2025-03-05 09:59:33'),
(109, 1127, 'testdev', 'Customer', 'SALE', 39.6, 5.4, 50, 45, 5, '2025-03-05 10:00:43', '2025-03-05 10:00:43'),
(110, 1128, 'testdev', 'Customer', 'SALE', 216.48, 29.52, 300, 246, 54, '2025-03-05 10:03:14', '2025-03-05 10:03:14'),
(111, 1130, 'testdev', 'Customer', 'SALE', 108.24, 14.76, 500, 123, 377, '2025-03-05 10:11:41', '2025-03-05 10:11:41'),
(112, 1131, 'testdev', 'Customer', 'SALE', 108.24, 14.76, 123, 123, 0, '2025-03-05 10:12:31', '2025-03-05 10:12:31'),
(113, 1132, 'testdev', 'Customer', 'SALE', 1143.12, 155.88, 1300, 1299, 1, '2025-03-05 10:19:47', '2025-03-05 10:19:47'),
(114, 1133, 'testdev', 'Customer', 'CASH IN', 0, 0, 2000, 2000, 0, '2025-03-05 10:20:24', '2025-03-05 10:20:24'),
(115, 1134, 'testdev', 'Customer', 'SALE', 158.4, 21.6, 180, 180, 0, '2025-03-05 10:26:04', '2025-03-05 10:26:04'),
(116, 1135, 'testdev', 'Customer', 'SALE', 118.8, 16.2, 135, 135, 0, '2025-03-05 10:28:36', '2025-03-05 10:28:36'),
(117, 1136, 'testdev', 'Customer', 'SALE', 118.8, 16.2, 200, 135, 65, '2025-03-05 10:48:30', '2025-03-05 10:48:30'),
(118, 1137, 'testdev', 'Customer', 'SALE', 161.92, 22.08, 184, 184, 0, '2025-03-30 02:27:46', '2025-03-30 02:27:46'),
(119, 1138, 'testdev', 'Customer', 'SALE', 110.88, 15.12, 100.8, 126, -25.2, '2025-03-30 02:30:42', '2025-03-30 02:30:42'),
(120, 1139, 'testdev', 'Customer', 'SALE', 229.68, 31.32, 208.8, 261, -52.2, '2025-03-30 03:53:21', '2025-03-30 03:53:21'),
(121, 1140, 'testdev', 'Customer', 'SALE', 8.8, 1.2, 10, 10, 0, '2025-03-30 03:54:12', '2025-03-30 03:54:12'),
(122, 1141, 'testdev', 'Customer', 'SALE', 83.6, 11.4, 580, 95, 485, '2025-03-30 03:54:26', '2025-03-30 03:54:26'),
(123, 1142, 'testdev', 'Customer', 'SALE', 8.8, 1.2, 10, 10, 0, '2025-03-30 03:59:09', '2025-03-30 03:59:09'),
(124, 1143, 'testdev', 'Customer', 'SALE', 12.32, 1.68, 11.2, 14, -2.8, '2025-03-30 04:23:23', '2025-03-30 04:23:23'),
(125, 1144, 'testdev', 'Customer', 'CASH IN', 0, 0, 200, 200, 0, '2025-03-30 04:51:11', '2025-03-30 04:51:11'),
(126, 1144, 'testdev', 'Customer', 'CASH OUT', 0, 0, 500, 500, 0, '2025-03-30 04:51:48', '2025-03-30 04:51:48'),
(127, 1145, 'testdev', 'Customer', 'SALE', 39.6, 5.4, 50, 45, 5, '2025-03-30 05:39:18', '2025-03-30 05:39:18'),
(128, 1146, 'testdev', 'Customer', 'SALE', 117.92, 16.08, 134, 134, 0, '2025-03-30 05:40:44', '2025-03-30 05:40:44'),
(129, 1147, 'testdev', 'Customer', 'SALE', 7.04, 0.96, 20, 8, 12, '2025-03-30 12:09:30', '2025-03-30 12:09:30'),
(130, 1148, 'testdev', 'Customer', 'SALE', 39.6, 5.4, 45, 45, 0, '2025-03-30 12:11:00', '2025-03-30 12:11:00'),
(131, 1149, 'testdev', 'Customer', 'CASH IN', 0, 0, 200, 200, 0, '2025-03-30 12:11:40', '2025-03-30 12:11:40'),
(132, 1149, 'billy', 'Customer', 'SALE', 39.6, 5.4, 50, 45, 5, '2025-03-30 12:29:35', '2025-03-30 12:29:35'),
(133, 1150, 'billy', 'Customer', 'SALE', 21.12, 2.88, 20, 24, -4, '2025-03-30 12:33:18', '2025-03-30 12:33:18'),
(134, 1151, 'billy', 'Customer', 'SALE', 110.88, 15.12, 126, 126, 0, '2025-03-30 12:34:27', '2025-03-30 12:34:27'),
(135, 1152, 'billy', 'Customer', 'CASH IN', 0, 0, 250, 250, 0, '2025-03-30 12:35:22', '2025-03-30 12:35:22');

-- --------------------------------------------------------

--
-- Table structure for table `tbl_menus`
--

CREATE TABLE `tbl_menus` (
  `id` bigint UNSIGNED NOT NULL,
  `food_name` varchar(255) CHARACTER SET utf8mb4 COLLATE utf8mb4_unicode_ci NOT NULL,
  `image_name` varchar(255) CHARACTER SET utf8mb4 COLLATE utf8mb4_unicode_ci NOT NULL,
  `price` varchar(255) CHARACTER SET utf8mb4 COLLATE utf8mb4_unicode_ci NOT NULL,
  `category` varchar(255) CHARACTER SET utf8mb4 COLLATE utf8mb4_unicode_ci NOT NULL
) ENGINE=InnoDB DEFAULT CHARSET=utf8mb4 COLLATE=utf8mb4_unicode_ci;

--
-- Dumping data for table `tbl_menus`
--

INSERT INTO `tbl_menus` (`id`, `food_name`, `image_name`, `price`, `category`) VALUES
(1, 'Sopas', 'sopas', '20', 'breakfast'),
(2, 'Spaghetti', 'spaghetti', '20', 'breakfast'),
(3, 'Palabok', 'palabok', '25', 'breakfast'),
(4, 'Baked Macaroni', 'baked-mac', '25', 'breakfast');

-- --------------------------------------------------------

--
-- Table structure for table `tbl_shifts`
--

CREATE TABLE `tbl_shifts` (
  `id` bigint UNSIGNED NOT NULL,
  `cashier` varchar(255) CHARACTER SET utf8mb4 COLLATE utf8mb4_unicode_ci NOT NULL,
  `POS_number` varchar(255) CHARACTER SET utf8mb4 COLLATE utf8mb4_unicode_ci NOT NULL,
  `starting_cash` int NOT NULL,
  `closing_cash` int NOT NULL,
  `cash_in` int DEFAULT NULL,
  `cash_out` int DEFAULT NULL,
  `created_at` timestamp NULL DEFAULT NULL,
  `updated_at` timestamp NULL DEFAULT NULL
) ENGINE=InnoDB DEFAULT CHARSET=utf8mb4 COLLATE=utf8mb4_unicode_ci;

--
-- Dumping data for table `tbl_shifts`
--

INSERT INTO `tbl_shifts` (`id`, `cashier`, `POS_number`, `starting_cash`, `closing_cash`, `cash_in`, `cash_out`, `created_at`, `updated_at`) VALUES
(30, 'Jeric', 'pos1', 12000, 0, NULL, NULL, '2025-01-16 15:40:32', '2025-01-16 15:40:32'),
(225, 'billy', 'pos1', 1000, 1195, NULL, NULL, '2025-03-30 12:31:55', '2025-03-30 12:34:27');

-- --------------------------------------------------------

--
-- Table structure for table `tickets`
--

CREATE TABLE `tickets` (
  `id` bigint UNSIGNED NOT NULL,
  `ticket` varchar(255) CHARACTER SET utf8mb4 COLLATE utf8mb4_unicode_ci NOT NULL,
  `food_name` varchar(255) CHARACTER SET utf8mb4 COLLATE utf8mb4_unicode_ci NOT NULL,
  `created_at` timestamp NULL DEFAULT NULL,
  `updated_at` timestamp NULL DEFAULT NULL
) ENGINE=InnoDB DEFAULT CHARSET=utf8mb4 COLLATE=utf8mb4_unicode_ci;

-- --------------------------------------------------------

--
-- Table structure for table `users`
--

CREATE TABLE `users` (
  `id` bigint UNSIGNED NOT NULL,
  `name` varchar(255) CHARACTER SET utf8mb4 COLLATE utf8mb4_unicode_ci NOT NULL,
  `email` varchar(255) CHARACTER SET utf8mb4 COLLATE utf8mb4_unicode_ci NOT NULL,
  `email_verified_at` timestamp NULL DEFAULT NULL,
  `password` varchar(255) CHARACTER SET utf8mb4 COLLATE utf8mb4_unicode_ci NOT NULL,
  `remember_token` varchar(100) CHARACTER SET utf8mb4 COLLATE utf8mb4_unicode_ci DEFAULT NULL,
  `created_at` timestamp NULL DEFAULT NULL,
  `updated_at` timestamp NULL DEFAULT NULL
) ENGINE=InnoDB DEFAULT CHARSET=utf8mb4 COLLATE=utf8mb4_unicode_ci;

--
-- Dumping data for table `users`
--

INSERT INTO `users` (`id`, `name`, `email`, `email_verified_at`, `password`, `remember_token`, `created_at`, `updated_at`) VALUES
(1, 'Test User', 'test@example.com', '2025-03-01 15:45:35', '$2y$12$5Zt/mbel6unU/RGtEbIbyOWDyPmceO88tr3el2lYQw6b5EbPKfW0y', '7d4xHrFBnF', '2025-03-01 15:45:35', '2025-03-01 15:45:35');

--
-- Indexes for dumped tables
--

--
-- Indexes for table `admins`
--
ALTER TABLE `admins`
  ADD PRIMARY KEY (`id`);

--
-- Indexes for table `batch_orders`
--
ALTER TABLE `batch_orders`
  ADD PRIMARY KEY (`id`);

--
-- Indexes for table `cache`
--
ALTER TABLE `cache`
  ADD PRIMARY KEY (`key`);

--
-- Indexes for table `cache_locks`
--
ALTER TABLE `cache_locks`
  ADD PRIMARY KEY (`key`);

--
-- Indexes for table `cms`
--
ALTER TABLE `cms`
  ADD PRIMARY KEY (`id`);

--
-- Indexes for table `customers`
--
ALTER TABLE `customers`
  ADD PRIMARY KEY (`id`);

--
-- Indexes for table `failed_jobs`
--
ALTER TABLE `failed_jobs`
  ADD PRIMARY KEY (`id`),
  ADD UNIQUE KEY `failed_jobs_uuid_unique` (`uuid`);

--
-- Indexes for table `gcash_transactions`
--
ALTER TABLE `gcash_transactions`
  ADD PRIMARY KEY (`id`),
  ADD UNIQUE KEY `gcash_transactions_reference_number_unique` (`reference_number`),
  ADD KEY `gcash_transactions_reference_number_index` (`reference_number`),
  ADD KEY `gcash_transactions_ticket_number_index` (`ticket_number`);

--
-- Indexes for table `g_cashes`
--
ALTER TABLE `g_cashes`
  ADD PRIMARY KEY (`id`);

--
-- Indexes for table `jobs`
--
ALTER TABLE `jobs`
  ADD PRIMARY KEY (`id`),
  ADD KEY `jobs_queue_index` (`queue`);

--
-- Indexes for table `job_batches`
--
ALTER TABLE `job_batches`
  ADD PRIMARY KEY (`id`);

--
-- Indexes for table `migrations`
--
ALTER TABLE `migrations`
  ADD PRIMARY KEY (`id`);

--
-- Indexes for table `orders`
--
ALTER TABLE `orders`
  ADD PRIMARY KEY (`id`);

--
-- Indexes for table `password_reset_tokens`
--
ALTER TABLE `password_reset_tokens`
  ADD PRIMARY KEY (`email`);

--
-- Indexes for table `pending_accounts`
--
ALTER TABLE `pending_accounts`
  ADD PRIMARY KEY (`id`);

--
-- Indexes for table `pending_items`
--
ALTER TABLE `pending_items`
  ADD PRIMARY KEY (`id`);

--
-- Indexes for table `sessions`
--
ALTER TABLE `sessions`
  ADD PRIMARY KEY (`id`),
  ADD KEY `sessions_user_id_index` (`user_id`),
  ADD KEY `sessions_last_activity_index` (`last_activity`);

--
-- Indexes for table `stocks`
--
ALTER TABLE `stocks`
  ADD PRIMARY KEY (`id`);

--
-- Indexes for table `stock_adjustment_logs`
--
ALTER TABLE `stock_adjustment_logs`
  ADD PRIMARY KEY (`id`);

--
-- Indexes for table `stock_batches`
--
ALTER TABLE `stock_batches`
  ADD PRIMARY KEY (`id`);

--
-- Indexes for table `suppliers`
--
ALTER TABLE `suppliers`
  ADD PRIMARY KEY (`id`);

--
-- Indexes for table `supplier_orders`
--
ALTER TABLE `supplier_orders`
  ADD PRIMARY KEY (`id`);

--
-- Indexes for table `tbl_cashiers`
--
ALTER TABLE `tbl_cashiers`
  ADD PRIMARY KEY (`id`);

--
-- Indexes for table `tbl_history`
--
ALTER TABLE `tbl_history`
  ADD PRIMARY KEY (`id`);

--
-- Indexes for table `tbl_menus`
--
ALTER TABLE `tbl_menus`
  ADD PRIMARY KEY (`id`);

--
-- Indexes for table `tbl_shifts`
--
ALTER TABLE `tbl_shifts`
  ADD PRIMARY KEY (`id`);

--
-- Indexes for table `tickets`
--
ALTER TABLE `tickets`
  ADD PRIMARY KEY (`id`);

--
-- Indexes for table `users`
--
ALTER TABLE `users`
  ADD PRIMARY KEY (`id`),
  ADD UNIQUE KEY `users_email_unique` (`email`);

--
-- AUTO_INCREMENT for dumped tables
--

--
-- AUTO_INCREMENT for table `admins`
--
ALTER TABLE `admins`
  MODIFY `id` bigint UNSIGNED NOT NULL AUTO_INCREMENT, AUTO_INCREMENT=2;

--
-- AUTO_INCREMENT for table `batch_orders`
--
ALTER TABLE `batch_orders`
  MODIFY `id` bigint UNSIGNED NOT NULL AUTO_INCREMENT;

--
-- AUTO_INCREMENT for table `cms`
--
ALTER TABLE `cms`
  MODIFY `id` bigint UNSIGNED NOT NULL AUTO_INCREMENT, AUTO_INCREMENT=6;

--
-- AUTO_INCREMENT for table `customers`
--
ALTER TABLE `customers`
  MODIFY `id` bigint UNSIGNED NOT NULL AUTO_INCREMENT, AUTO_INCREMENT=399;

--
-- AUTO_INCREMENT for table `failed_jobs`
--
ALTER TABLE `failed_jobs`
  MODIFY `id` bigint UNSIGNED NOT NULL AUTO_INCREMENT;

--
-- AUTO_INCREMENT for table `gcash_transactions`
--
ALTER TABLE `gcash_transactions`
  MODIFY `id` bigint UNSIGNED NOT NULL AUTO_INCREMENT, AUTO_INCREMENT=9;

--
-- AUTO_INCREMENT for table `g_cashes`
--
ALTER TABLE `g_cashes`
  MODIFY `id` bigint UNSIGNED NOT NULL AUTO_INCREMENT, AUTO_INCREMENT=6;

--
-- AUTO_INCREMENT for table `jobs`
--
ALTER TABLE `jobs`
  MODIFY `id` bigint UNSIGNED NOT NULL AUTO_INCREMENT;

--
-- AUTO_INCREMENT for table `migrations`
--
ALTER TABLE `migrations`
  MODIFY `id` int UNSIGNED NOT NULL AUTO_INCREMENT, AUTO_INCREMENT=60;

--
-- AUTO_INCREMENT for table `orders`
--
ALTER TABLE `orders`
  MODIFY `id` int NOT NULL AUTO_INCREMENT, AUTO_INCREMENT=615;

--
-- AUTO_INCREMENT for table `pending_accounts`
--
ALTER TABLE `pending_accounts`
  MODIFY `id` bigint UNSIGNED NOT NULL AUTO_INCREMENT;

--
-- AUTO_INCREMENT for table `pending_items`
--
ALTER TABLE `pending_items`
  MODIFY `id` bigint UNSIGNED NOT NULL AUTO_INCREMENT;

--
-- AUTO_INCREMENT for table `stocks`
--
ALTER TABLE `stocks`
  MODIFY `id` bigint UNSIGNED NOT NULL AUTO_INCREMENT, AUTO_INCREMENT=39;

--
-- AUTO_INCREMENT for table `stock_adjustment_logs`
--
ALTER TABLE `stock_adjustment_logs`
  MODIFY `id` bigint UNSIGNED NOT NULL AUTO_INCREMENT, AUTO_INCREMENT=14;

--
-- AUTO_INCREMENT for table `stock_batches`
--
ALTER TABLE `stock_batches`
  MODIFY `id` bigint UNSIGNED NOT NULL AUTO_INCREMENT;

--
-- AUTO_INCREMENT for table `suppliers`
--
ALTER TABLE `suppliers`
  MODIFY `id` bigint UNSIGNED NOT NULL AUTO_INCREMENT, AUTO_INCREMENT=4;

--
-- AUTO_INCREMENT for table `supplier_orders`
--
ALTER TABLE `supplier_orders`
  MODIFY `id` bigint UNSIGNED NOT NULL AUTO_INCREMENT, AUTO_INCREMENT=10;

--
-- AUTO_INCREMENT for table `tbl_cashiers`
--
ALTER TABLE `tbl_cashiers`
  MODIFY `id` bigint UNSIGNED NOT NULL AUTO_INCREMENT, AUTO_INCREMENT=22;

--
-- AUTO_INCREMENT for table `tbl_history`
--
ALTER TABLE `tbl_history`
  MODIFY `id` bigint UNSIGNED NOT NULL AUTO_INCREMENT, AUTO_INCREMENT=136;

--
-- AUTO_INCREMENT for table `tbl_menus`
--
ALTER TABLE `tbl_menus`
  MODIFY `id` bigint UNSIGNED NOT NULL AUTO_INCREMENT, AUTO_INCREMENT=5;

--
-- AUTO_INCREMENT for table `tbl_shifts`
--
ALTER TABLE `tbl_shifts`
  MODIFY `id` bigint UNSIGNED NOT NULL AUTO_INCREMENT, AUTO_INCREMENT=226;

--
-- AUTO_INCREMENT for table `tickets`
--
ALTER TABLE `tickets`
  MODIFY `id` bigint UNSIGNED NOT NULL AUTO_INCREMENT;

--
-- AUTO_INCREMENT for table `users`
--
ALTER TABLE `users`
  MODIFY `id` bigint UNSIGNED NOT NULL AUTO_INCREMENT, AUTO_INCREMENT=2;
COMMIT;

/*!40101 SET CHARACTER_SET_CLIENT=@OLD_CHARACTER_SET_CLIENT */;
/*!40101 SET CHARACTER_SET_RESULTS=@OLD_CHARACTER_SET_RESULTS */;
/*!40101 SET COLLATION_CONNECTION=@OLD_COLLATION_CONNECTION */;
